/about/,/cv/
/blog/2013/01/07/secure-git-repositories.html,/post/2013/01/07/secure-git-repositories/
/blog/2013/01/14/terminating-gearman-workers-in-php.html,/post/2013/01/14/terminating-gearman-workers-in-php/
/blog/2013/01/21/opengrok-cli.html,/post/2013/01/21/opengrok-cli/
/blog/2013/01/28/scripting-endicia-to-purchase-postage.html,/post/2013/01/28/scripting-endicia-to-purchase-postage/
/blog/2013/02/08/automating-backups-to-the-cloud.html,/post/2013/02/08/automating-backups-to-the-cloud/
/blog/2013/02/19/using-facter-in-ant-scripts.html,/post/2013/02/19/using-facter-in-ant-scripts/
/blog/2013/03/01/a-generic-storage-interface.html,/post/2013/03/01/a-generic-storage-interface/
/blog/2013/03/05/path-based-tmpfile-in-php.html,/post/2013/03/05/path-based-tmpfile-in-php/
/blog/2013/03/07/comparing-php-application-definitions.html,/post/2013/03/07/comparing-php-application-definitions/
/blog/2013/03/15/using-html-headers-with-wkhtmltopdf.html,/post/2013/03/15/using-html-headers-with-wkhtmltopdf/
/blog/2013/03/23/bank-card-readers-for-web-applications.html,/post/2013/03/23/bank-card-readers-for-web-applications/
/blog/2013/04/27/new-website-for-the-loopy-ewe.html,/post/2013/04/27/new-website-for-the-loopy-ewe/
/blog/2013/05/07/embeddable-and-context-aware-web-pages.html,/post/2013/05/07/embeddable-and-context-aware-web-pages/
/blog/2013/05/13/structured-data-with-schema-org.html,/post/2013/05/13/structured-data-with-schema-org/
/blog/2013/05/16/ti-debug-a-browser-debugger-for-server-code.html,/post/2013/05/16/ti-debug-a-browser-debugger-for-server-code/
/blog/2013/06/01/search-engine-based-on-structured-data.html,/post/2013/06/01/search-engine-based-on-structured-data/
/blog/2013/06/01/the-basics-of-a-custom-search-engine.html,/post/2013/06/01/search-engine-based-on-structured-data/
/blog/2014/01/13/barcoding-inventory-with-qr-codes.html,/post/2014/01/13/barcoding-inventory-with-qr-codes/
/blog/2014/02/28/distributed-docker-containers.html,/post/2014/02/28/distributed-docker-containers/
/blog/2014/04/08/photo-galleries-for-jekyll.html,/post/2014/04/08/photo-galleries-for-jekyll/
/blog/2014/04/24/color-searching-with-elasticsearch.html,/post/2014/04/24/color-searching-with-elasticsearch/
/blog/2014/04/24/search-by-color-with-elasticsearch.html,/post/2014/04/24/color-searching-with-elasticsearch/
/blog/2014/09/17/simplifying-my-bosh-related-workflows.html,/post/2014/09/17/simplifying-my-bosh-related-workflows/
/blog/2014/09/28/colorado-aspens.html,/post/2014/09/28/colorado-aspens/
/blog/2014/11/14/logging-logging-and-finding-bottlenecks.html,/post/2014/11/14/logging-logging-and-finding-bottlenecks/
/blog/2015/02/21/sending-work-from-a-web-application-to-desktop-applications.html,/post/2015/02/21/sending-work-from-a-web-application-to-desktop-applications/
/blog/2015/05/01/parsing-microdata-in-php.html,/post/2015/05/01/parsing-microdata-in-php/
/blog/2015/06/03/new-bosh-release-for-openvpn.html,/post/2015/06/03/new-bosh-release-for-openvpn/
/blog/2015/06/20/using-nginx-to-reverse-proxy-and-cache-s3-objects.html,/post/2015/06/20/using-nginx-to-reverse-proxy-and-cache-s3-objects/
/blog/2015/08/03/self-upgrading-packages-in-bosh-releases.html,/post/2015/08/03/self-upgrading-packages-in-bosh-releases/
/blog/2015/08/06/pruning-blobs-from-bosh-releases.html,/post/2015/08/06/pruning-blobs-from-bosh-releases/
/blog/2015/11/12/tempore-limites-bosh-veneer.html,/post/2015/11/12/tempore-limites-bosh-veneer/
/blog/2016/01/11/experimenting-with-bosh-links-and-consul.html,/post/2016/01/11/experimenting-with-bosh-links-and-consul/
/blog/2016/01/21/writing-a-php-client-for-the-ravelry-api.html,/post/2016/01/21/writing-a-php-client-for-the-ravelry-api/
/blog/2016/04/26/composing-configurations-with-jq.html,/post/2016/04/26/composing-configurations-with-jq/
/blog/2016/10/19/data-processing-with-concourse.html,/post/2016/10/19/data-processing-with-concourse/
/blog/2016/10/21/self-upgrading-packages-in-bosh-releases-part-2.html,/post/2016/10/21/self-upgrading-packages-in-bosh-releases-part-2/
/blog/2017/10/09/documenting-blobs-with-metalink-files.html,/post/2017/10/09/documenting-blobs-with-metalink-files/
/blog/2018/11/23/switching-from-jekyll-to-hugo.html,/post/2018/11/23/switching-from-jekyll-to-hugo/
/blog/2018/12/02/watching-upstream-binaries-with-concourse.html,/post/2018/12/02/watching-upstream-binaries-with-concourse/
/blog/2018/12/23/new-concourse-resource-for-bosh-releases.html,/post/2018/12/23/new-concourse-resource-for-bosh-releases/
/blog/2018/12/30/metalink-repositories-mirroring-third-party-dependencies.html,/post/2018/12/30/metalink-repositories-mirroring-third-party-dependencies/
/blog/2019/01/23/metalink-repositories-separation-of-concerns.html,/post/2019/01/23/metalink-repositories-separation-of-concerns/
/blog/2019/01/23/metalink-repositories-stability-channels.html,/post/2019/01/23/metalink-repositories-separation-of-concerns/
/blog/2020/02/13/converting-between-json-and-tsv.html,/post/2020/02/13/converting-between-json-and-tsv/
/blog/2020/03/09/nested-taxonomies-with-hugo.html,/post/2020/03/09/nested-taxonomies-in-hugo/
/blog/2020/04/11/bridged-networking-with-minikube.html,/post/2020/04/11/minikube-and-bridged-networking/
/blog/2020/04/11/minikube-and-bridged-networking.html,/post/2020/04/11/minikube-and-bridged-networking/
/galleries/2014-albuquerque-balloon-fiesta/,/photo/2014-albuquerque-balloon-fiesta/
/galleries/2014-barcelona-trip/,/photo/2014-barcelona-trip/
/galleries/2014-colorado-aspens/,/photo/2014-colorado-aspens/
/galleries/2014-london-iceland-trip/,/photo/2014-london-iceland-trip/
/galleries/2015-balloon-fiesta/,/photo/2015-balloon-fiesta/
/galleries/2015-cambodia-thailand-trip/,/photo/2015-cambodia-thailand-trip/
/galleries/2015-costa-rica-trip/,/photo/2015-costa-rica-trip/
/galleries/2015-england-trip/,/photo/2015-england-trip/
/gallery/2014-albuquerque-balloon-fiesta/,/photo/2014-albuquerque-balloon-fiesta/
/gallery/2014-albuquerque-balloon-fiesta/0e588f6-img-1110.html,/photo/2014-albuquerque-balloon-fiesta/0e588f6-img-1110/
/gallery/2014-albuquerque-balloon-fiesta/12014b2-img-1102.html,/photo/2014-albuquerque-balloon-fiesta/12014b2-img-1102/
/gallery/2014-albuquerque-balloon-fiesta/12895b3-img-1054.html,/photo/2014-albuquerque-balloon-fiesta/12895b3-img-1054/
/gallery/2014-albuquerque-balloon-fiesta/1953f93-img-1049.html,/photo/2014-albuquerque-balloon-fiesta/1953f93-img-1049/
/gallery/2014-albuquerque-balloon-fiesta/1b9b6f2-img-1127.html,/photo/2014-albuquerque-balloon-fiesta/1b9b6f2-img-1127/
/gallery/2014-albuquerque-balloon-fiesta/2681241-img-1122.html,/photo/2014-albuquerque-balloon-fiesta/2681241-img-1122/
/gallery/2014-albuquerque-balloon-fiesta/2c795a3-img-1099.html,/photo/2014-albuquerque-balloon-fiesta/2c795a3-img-1099/
/gallery/2014-albuquerque-balloon-fiesta/3c75e84-img-1059.html,/photo/2014-albuquerque-balloon-fiesta/3c75e84-img-1059/
/gallery/2014-albuquerque-balloon-fiesta/507bcb2-img-1148.html,/photo/2014-albuquerque-balloon-fiesta/507bcb2-img-1148/
/gallery/2014-albuquerque-balloon-fiesta/5cd399d-img-1055.html,/photo/2014-albuquerque-balloon-fiesta/5cd399d-img-1055/
/gallery/2014-albuquerque-balloon-fiesta/6b77a4f-img-1095.html,/photo/2014-albuquerque-balloon-fiesta/6b77a4f-img-1095/
/gallery/2014-albuquerque-balloon-fiesta/700178d-img-1048.html,/photo/2014-albuquerque-balloon-fiesta/700178d-img-1048/
/gallery/2014-albuquerque-balloon-fiesta/700b097-img-1071.html,/photo/2014-albuquerque-balloon-fiesta/700b097-img-1071/
/gallery/2014-albuquerque-balloon-fiesta/73caf88-img-1058.html,/photo/2014-albuquerque-balloon-fiesta/73caf88-img-1058/
/gallery/2014-albuquerque-balloon-fiesta/8230d10-img-1053.html,/photo/2014-albuquerque-balloon-fiesta/8230d10-img-1053/
/gallery/2014-albuquerque-balloon-fiesta/82c066d-img-1121.html,/photo/2014-albuquerque-balloon-fiesta/82c066d-img-1121/
/gallery/2014-albuquerque-balloon-fiesta/924c0ae-img-1103.html,/photo/2014-albuquerque-balloon-fiesta/924c0ae-img-1103/
/gallery/2014-albuquerque-balloon-fiesta/9691dba-img-1051.html,/photo/2014-albuquerque-balloon-fiesta/9691dba-img-1051/
/gallery/2014-albuquerque-balloon-fiesta/a2f3fee-img-1089.html,/photo/2014-albuquerque-balloon-fiesta/a2f3fee-img-1089/
/gallery/2014-albuquerque-balloon-fiesta/a42dbc3-img-1106.html,/photo/2014-albuquerque-balloon-fiesta/a42dbc3-img-1106/
/gallery/2014-albuquerque-balloon-fiesta/a6016aa-img-1035.html,/photo/2014-albuquerque-balloon-fiesta/a6016aa-img-1035/
/gallery/2014-albuquerque-balloon-fiesta/c60d938-img-1145.html,/photo/2014-albuquerque-balloon-fiesta/c60d938-img-1145/
/gallery/2014-albuquerque-balloon-fiesta/ceb86f3-img-1039.html,/photo/2014-albuquerque-balloon-fiesta/ceb86f3-img-1039/
/gallery/2014-albuquerque-balloon-fiesta/cf568c1-img-1084.html,/photo/2014-albuquerque-balloon-fiesta/cf568c1-img-1084/
/gallery/2014-albuquerque-balloon-fiesta/e20c89c-img-1094.html,/photo/2014-albuquerque-balloon-fiesta/e20c89c-img-1094/
/gallery/2014-albuquerque-balloon-fiesta/e93dd19-img-1091.html,/photo/2014-albuquerque-balloon-fiesta/e93dd19-img-1091/
/gallery/2014-albuquerque-balloon-fiesta/f114579-img-1074.html,/photo/2014-albuquerque-balloon-fiesta/f114579-img-1074/
/gallery/2014-albuquerque-balloon-fiesta/f98e69a-img-1037.html,/photo/2014-albuquerque-balloon-fiesta/f98e69a-img-1037/
/gallery/2014-barcelona-trip/,/photo/2014-barcelona-trip/
/gallery/2014-barcelona-trip/07ed14a-casa-batllo.html,/photo/2014-barcelona-trip/07ed14a-casa-batllo/
/gallery/2014-barcelona-trip/106c907-museu-nacional-dart-de-catalunya.html,/photo/2014-barcelona-trip/106c907-museu-nacional-dart-de-catalunya/
/gallery/2014-barcelona-trip/1474689-parc-guell.html,/photo/2014-barcelona-trip/1474689-parc-guell/
/gallery/2014-barcelona-trip/1ac66aa-casa-batllo.html,/photo/2014-barcelona-trip/1ac66aa-casa-batllo/
/gallery/2014-barcelona-trip/1e204b0-sagrada-familia.html,/photo/2014-barcelona-trip/1e204b0-sagrada-familia/
/gallery/2014-barcelona-trip/1ef572c-beach.html,/photo/2014-barcelona-trip/1ef572c-beach/
/gallery/2014-barcelona-trip/231151b-casa-batllo.html,/photo/2014-barcelona-trip/231151b-casa-batllo/
/gallery/2014-barcelona-trip/24a6783-parc-guell.html,/photo/2014-barcelona-trip/24a6783-parc-guell/
/gallery/2014-barcelona-trip/26a5044-estadi-olimpic-lluis-companys.html,/photo/2014-barcelona-trip/26a5044-estadi-olimpic-lluis-companys/
/gallery/2014-barcelona-trip/2810fe3-estadi-olimpic-lluis-companys.html,/photo/2014-barcelona-trip/2810fe3-estadi-olimpic-lluis-companys/
/gallery/2014-barcelona-trip/2e3c5fc-sagrada-familia.html,/photo/2014-barcelona-trip/2e3c5fc-sagrada-familia/
/gallery/2014-barcelona-trip/31bbfef-olympic-park.html,/photo/2014-barcelona-trip/31bbfef-olympic-park/
/gallery/2014-barcelona-trip/334d378-sagrada-familia.html,/photo/2014-barcelona-trip/334d378-sagrada-familia/
/gallery/2014-barcelona-trip/38b9ecd-parc-guell.html,/photo/2014-barcelona-trip/38b9ecd-parc-guell/
/gallery/2014-barcelona-trip/3b9ed7b-sagrada-familia.html,/photo/2014-barcelona-trip/3b9ed7b-sagrada-familia/
/gallery/2014-barcelona-trip/3f1a4bb-parc-guell.html,/photo/2014-barcelona-trip/3f1a4bb-parc-guell/
/gallery/2014-barcelona-trip/43412b6-parc-guell-building.html,/photo/2014-barcelona-trip/43412b6-parc-guell-building/
/gallery/2014-barcelona-trip/4529ef9-font-magica-de-montjuic.html,/photo/2014-barcelona-trip/4529ef9-font-magica-de-montjuic/
/gallery/2014-barcelona-trip/4af8a11-font-magica-de-montjuic.html,/photo/2014-barcelona-trip/4af8a11-font-magica-de-montjuic/
/gallery/2014-barcelona-trip/50acdde-casa-batllo.html,/photo/2014-barcelona-trip/50acdde-casa-batllo/
/gallery/2014-barcelona-trip/541d073-sagrada-familia.html,/photo/2014-barcelona-trip/541d073-sagrada-familia/
/gallery/2014-barcelona-trip/55ba6a5-torre-de-comunicacions-de-montjuic.html,/photo/2014-barcelona-trip/55ba6a5-torre-de-comunicacions-de-montjuic/
/gallery/2014-barcelona-trip/5aa423d-barcelona-port.html,/photo/2014-barcelona-trip/5aa423d-barcelona-port/
/gallery/2014-barcelona-trip/5b02ceb-sagrada-familia.html,/photo/2014-barcelona-trip/5b02ceb-sagrada-familia/
/gallery/2014-barcelona-trip/5c447b5-julia.html,/photo/2014-barcelona-trip/5c447b5-julia/
/gallery/2014-barcelona-trip/5f38150-casa-batllo.html,/photo/2014-barcelona-trip/5f38150-casa-batllo/
/gallery/2014-barcelona-trip/5f5d588-museu-nacional-dart-de-catalunya.html,/photo/2014-barcelona-trip/5f5d588-museu-nacional-dart-de-catalunya/
/gallery/2014-barcelona-trip/606fd97-christmas-lights.html,/photo/2014-barcelona-trip/606fd97-christmas-lights/
/gallery/2014-barcelona-trip/620a826-sagrada-familia.html,/photo/2014-barcelona-trip/620a826-sagrada-familia/
/gallery/2014-barcelona-trip/63a2ee2-barcelona-port.html,/photo/2014-barcelona-trip/63a2ee2-barcelona-port/
/gallery/2014-barcelona-trip/66cda3d-barcelona-port.html,/photo/2014-barcelona-trip/66cda3d-barcelona-port/
/gallery/2014-barcelona-trip/6dffda5-estadi-olimpic-lluis-companys.html,/photo/2014-barcelona-trip/6dffda5-estadi-olimpic-lluis-companys/
/gallery/2014-barcelona-trip/6f9cc02-casa-batllo.html,/photo/2014-barcelona-trip/6f9cc02-casa-batllo/
/gallery/2014-barcelona-trip/7032ba6-casa-batllo.html,/photo/2014-barcelona-trip/7032ba6-casa-batllo/
/gallery/2014-barcelona-trip/711b33e-sagrada-familia.html,/photo/2014-barcelona-trip/711b33e-sagrada-familia/
/gallery/2014-barcelona-trip/71bf8a4-parc-guell.html,/photo/2014-barcelona-trip/71bf8a4-parc-guell/
/gallery/2014-barcelona-trip/71e7a4a-estadi-olimpic-lluis-companys.html,/photo/2014-barcelona-trip/71e7a4a-estadi-olimpic-lluis-companys/
/gallery/2014-barcelona-trip/74abdd3-sagrada-familia.html,/photo/2014-barcelona-trip/74abdd3-sagrada-familia/
/gallery/2014-barcelona-trip/7dd575f-sagrada-familia.html,/photo/2014-barcelona-trip/7dd575f-sagrada-familia/
/gallery/2014-barcelona-trip/7f51e46-font-magica-de-montjuic.html,/photo/2014-barcelona-trip/7f51e46-font-magica-de-montjuic/
/gallery/2014-barcelona-trip/80e027b-torre-de-comunicacions-de-montjuic.html,/photo/2014-barcelona-trip/80e027b-torre-de-comunicacions-de-montjuic/
/gallery/2014-barcelona-trip/83ed7ac-font-magica-de-montjuic.html,/photo/2014-barcelona-trip/83ed7ac-font-magica-de-montjuic/
/gallery/2014-barcelona-trip/899544d-sagrada-familia.html,/photo/2014-barcelona-trip/899544d-sagrada-familia/
/gallery/2014-barcelona-trip/8bddadc-museu-nacional-dart-de-catalunya.html,/photo/2014-barcelona-trip/8bddadc-museu-nacional-dart-de-catalunya/
/gallery/2014-barcelona-trip/8d2c0f8-placa-despanya.html,/photo/2014-barcelona-trip/8d2c0f8-placa-despanya/
/gallery/2014-barcelona-trip/8edd064-sagrada-familia.html,/photo/2014-barcelona-trip/8edd064-sagrada-familia/
/gallery/2014-barcelona-trip/9071ec5-placa-despanya.html,/photo/2014-barcelona-trip/9071ec5-placa-despanya/
/gallery/2014-barcelona-trip/9236b98-museu-nacional-dart-de-catalunya.html,/photo/2014-barcelona-trip/9236b98-museu-nacional-dart-de-catalunya/
/gallery/2014-barcelona-trip/9563242-museu-nacional-dart-de-catalunya.html,/photo/2014-barcelona-trip/9563242-museu-nacional-dart-de-catalunya/
/gallery/2014-barcelona-trip/9a59ac6-port-de-barcelona.html,/photo/2014-barcelona-trip/9a59ac6-port-de-barcelona/
/gallery/2014-barcelona-trip/9d3b72c-casa-de-la-ciutat.html,/photo/2014-barcelona-trip/9d3b72c-casa-de-la-ciutat/
/gallery/2014-barcelona-trip/9ef11bc-parc-guell.html,/photo/2014-barcelona-trip/9ef11bc-parc-guell/
/gallery/2014-barcelona-trip/a061586-font-magica-de-montjuic.html,/photo/2014-barcelona-trip/a061586-font-magica-de-montjuic/
/gallery/2014-barcelona-trip/a283848-sagrada-familia.html,/photo/2014-barcelona-trip/a283848-sagrada-familia/
/gallery/2014-barcelona-trip/a509b76-parc-guell-entry.html,/photo/2014-barcelona-trip/a509b76-parc-guell-entry/
/gallery/2014-barcelona-trip/a68e883-sagrada-familia.html,/photo/2014-barcelona-trip/a68e883-sagrada-familia/
/gallery/2014-barcelona-trip/aafcefc-market.html,/photo/2014-barcelona-trip/aafcefc-market/
/gallery/2014-barcelona-trip/add608c-sagrada-familia.html,/photo/2014-barcelona-trip/add608c-sagrada-familia/
/gallery/2014-barcelona-trip/ae24d7f-beach.html,/photo/2014-barcelona-trip/ae24d7f-beach/
/gallery/2014-barcelona-trip/af00008-palau-de-la-generalitat.html,/photo/2014-barcelona-trip/af00008-palau-de-la-generalitat/
/gallery/2014-barcelona-trip/b0e1722-casa-batllo.html,/photo/2014-barcelona-trip/b0e1722-casa-batllo/
/gallery/2014-barcelona-trip/b4f7cf3-flying-back.html,/photo/2014-barcelona-trip/b4f7cf3-flying-back/
/gallery/2014-barcelona-trip/b87b004-casa-batllo.html,/photo/2014-barcelona-trip/b87b004-casa-batllo/
/gallery/2014-barcelona-trip/b887256-sagrada-familia.html,/photo/2014-barcelona-trip/b887256-sagrada-familia/
/gallery/2014-barcelona-trip/baf4bfd-mirador-de-colom.html,/photo/2014-barcelona-trip/baf4bfd-mirador-de-colom/
/gallery/2014-barcelona-trip/bb97e7b-up-the-hill.html,/photo/2014-barcelona-trip/bb97e7b-up-the-hill/
/gallery/2014-barcelona-trip/beb0f64-sagrada-familia.html,/photo/2014-barcelona-trip/beb0f64-sagrada-familia/
/gallery/2014-barcelona-trip/c24ae6e-torre-de-comunicacions-de-montjuic.html,/photo/2014-barcelona-trip/c24ae6e-torre-de-comunicacions-de-montjuic/
/gallery/2014-barcelona-trip/c3bb1ce-casa-batllo.html,/photo/2014-barcelona-trip/c3bb1ce-casa-batllo/
/gallery/2014-barcelona-trip/c53baa3-casa-batllo.html,/photo/2014-barcelona-trip/c53baa3-casa-batllo/
/gallery/2014-barcelona-trip/c82cb14-casa-batllo.html,/photo/2014-barcelona-trip/c82cb14-casa-batllo/
/gallery/2014-barcelona-trip/c9b1024-sagrada-familia.html,/photo/2014-barcelona-trip/c9b1024-sagrada-familia/
/gallery/2014-barcelona-trip/cfa4e7e-our-team-workplace.html,/photo/2014-barcelona-trip/cfa4e7e-our-team-workplace/
/gallery/2014-barcelona-trip/d35e4d6-font-magica-de-montjuic.html,/photo/2014-barcelona-trip/d35e4d6-font-magica-de-montjuic/
/gallery/2014-barcelona-trip/d54aeba-museu-nacional-dart-de-catalunya.html,/photo/2014-barcelona-trip/d54aeba-museu-nacional-dart-de-catalunya/
/gallery/2014-barcelona-trip/dbc6e6f-sagrada-familia.html,/photo/2014-barcelona-trip/dbc6e6f-sagrada-familia/
/gallery/2014-barcelona-trip/dcea5d9-casa-batllo.html,/photo/2014-barcelona-trip/dcea5d9-casa-batllo/
/gallery/2014-barcelona-trip/de8662e-some-peppers.html,/photo/2014-barcelona-trip/de8662e-some-peppers/
/gallery/2014-barcelona-trip/df4c388-sagrada-familia.html,/photo/2014-barcelona-trip/df4c388-sagrada-familia/
/gallery/2014-barcelona-trip/e3b0811-sagrada-familia.html,/photo/2014-barcelona-trip/e3b0811-sagrada-familia/
/gallery/2014-barcelona-trip/e9a1f6e-barcelona-port.html,/photo/2014-barcelona-trip/e9a1f6e-barcelona-port/
/gallery/2014-barcelona-trip/eba2a2b-sagrada-familia.html,/photo/2014-barcelona-trip/eba2a2b-sagrada-familia/
/gallery/2014-barcelona-trip/ebdcd50-sagrada-familia.html,/photo/2014-barcelona-trip/ebdcd50-sagrada-familia/
/gallery/2014-barcelona-trip/ecfb232-sagrada-familia.html,/photo/2014-barcelona-trip/ecfb232-sagrada-familia/
/gallery/2014-barcelona-trip/ee43169-sagrada-familia.html,/photo/2014-barcelona-trip/ee43169-sagrada-familia/
/gallery/2014-barcelona-trip/f19bddd-walkway.html,/photo/2014-barcelona-trip/f19bddd-walkway/
/gallery/2014-barcelona-trip/f27be80-sagrada-familia.html,/photo/2014-barcelona-trip/f27be80-sagrada-familia/
/gallery/2014-barcelona-trip/f300a71-casa-batllo.html,/photo/2014-barcelona-trip/f300a71-casa-batllo/
/gallery/2014-barcelona-trip/f3e1020-beach.html,/photo/2014-barcelona-trip/f3e1020-beach/
/gallery/2014-barcelona-trip/f9238eb-sagrada-familia.html,/photo/2014-barcelona-trip/f9238eb-sagrada-familia/
/gallery/2014-barcelona-trip/fa6024c-casa-batllo.html,/photo/2014-barcelona-trip/fa6024c-casa-batllo/
/gallery/2014-barcelona-trip/fccc428-font-magica-de-montjuic.html,/photo/2014-barcelona-trip/fccc428-font-magica-de-montjuic/
/gallery/2014-barcelona-trip/fdd191f-velocity-conference.html,/photo/2014-barcelona-trip/fdd191f-velocity-conference/
/gallery/2014-barcelona-trip/ffd7d37-christmasy-walkways.html,/photo/2014-barcelona-trip/ffd7d37-christmasy-walkways/
/gallery/2014-colorado-aspens/,/photo/2014-colorado-aspens/
/gallery/2014-colorado-aspens/0b8c502-surrounded-by-aspens.html,/photo/2014-colorado-aspens/0b8c502-surrounded-by-aspens/
/gallery/2014-colorado-aspens/2dbeedb-aspens-invading.html,/photo/2014-colorado-aspens/2dbeedb-aspens-invading/
/gallery/2014-colorado-aspens/3346d74-golden-aspens.html,/photo/2014-colorado-aspens/3346d74-golden-aspens/
/gallery/2014-colorado-aspens/3c21081-tall-aspens.html,/photo/2014-colorado-aspens/3c21081-tall-aspens/
/gallery/2014-colorado-aspens/6e859c1-aspens-are-turning.html,/photo/2014-colorado-aspens/6e859c1-aspens-are-turning/
/gallery/2014-colorado-aspens/79c5a71-through-the-aspens.html,/photo/2014-colorado-aspens/79c5a71-through-the-aspens/
/gallery/2014-colorado-aspens/9e9e818-valley-of-aspens.html,/photo/2014-colorado-aspens/9e9e818-valley-of-aspens/
/gallery/2014-london-iceland-trip/,/photo/2014-london-iceland-trip/
/gallery/2014-london-iceland-trip/033bb54-royal-observatory.html,/photo/2014-london-iceland-trip/033bb54-royal-observatory/
/gallery/2014-london-iceland-trip/037fcaf-kaffibarinn.html,/photo/2014-london-iceland-trip/037fcaf-kaffibarinn/
/gallery/2014-london-iceland-trip/04cac52-museum-of-skogar.html,/photo/2014-london-iceland-trip/04cac52-museum-of-skogar/
/gallery/2014-london-iceland-trip/0964b34-british-library.html,/photo/2014-london-iceland-trip/0964b34-british-library/
/gallery/2014-london-iceland-trip/0c6bcfa-its-a-peacock.html,/photo/2014-london-iceland-trip/0c6bcfa-its-a-peacock/
/gallery/2014-london-iceland-trip/0ee679f-skogafoss.html,/photo/2014-london-iceland-trip/0ee679f-skogafoss/
/gallery/2014-london-iceland-trip/120fd55-countryside.html,/photo/2014-london-iceland-trip/120fd55-countryside/
/gallery/2014-london-iceland-trip/1c7cea9-st-pauls-cathedral.html,/photo/2014-london-iceland-trip/1c7cea9-st-pauls-cathedral/
/gallery/2014-london-iceland-trip/1e88721-saga-museum.html,/photo/2014-london-iceland-trip/1e88721-saga-museum/
/gallery/2014-london-iceland-trip/1f869bd-sculptures.html,/photo/2014-london-iceland-trip/1f869bd-sculptures/
/gallery/2014-london-iceland-trip/2028f17-buckingham-palace.html,/photo/2014-london-iceland-trip/2028f17-buckingham-palace/
/gallery/2014-london-iceland-trip/223be54-waterfall.html,/photo/2014-london-iceland-trip/223be54-waterfall/
/gallery/2014-london-iceland-trip/238d28c-reyjkavik-docks.html,/photo/2014-london-iceland-trip/238d28c-reyjkavik-docks/
/gallery/2014-london-iceland-trip/24b9354-church.html,/photo/2014-london-iceland-trip/24b9354-church/
/gallery/2014-london-iceland-trip/293e193-its-an-albino-peacock.html,/photo/2014-london-iceland-trip/293e193-its-an-albino-peacock/
/gallery/2014-london-iceland-trip/2c1b931-river-thames.html,/photo/2014-london-iceland-trip/2c1b931-river-thames/
/gallery/2014-london-iceland-trip/2f35742-loop.html,/photo/2014-london-iceland-trip/2f35742-loop/
/gallery/2014-london-iceland-trip/340d0ac-cured-shark.html,/photo/2014-london-iceland-trip/340d0ac-cured-shark/
/gallery/2014-london-iceland-trip/34da741-cityscape.html,/photo/2014-london-iceland-trip/34da741-cityscape/
/gallery/2014-london-iceland-trip/37da195-african-carvings.html,/photo/2014-london-iceland-trip/37da195-african-carvings/
/gallery/2014-london-iceland-trip/385ec5f-british-museum.html,/photo/2014-london-iceland-trip/385ec5f-british-museum/
/gallery/2014-london-iceland-trip/3a0cb32-skogafoss.html,/photo/2014-london-iceland-trip/3a0cb32-skogafoss/
/gallery/2014-london-iceland-trip/3bb5ad8-trafalgar-square.html,/photo/2014-london-iceland-trip/3bb5ad8-trafalgar-square/
/gallery/2014-london-iceland-trip/3dae33f-saga-museum.html,/photo/2014-london-iceland-trip/3dae33f-saga-museum/
/gallery/2014-london-iceland-trip/43e714a-missouri-monster.html,/photo/2014-london-iceland-trip/43e714a-missouri-monster/
/gallery/2014-london-iceland-trip/489fc1a-skolavor-ustigur.html,/photo/2014-london-iceland-trip/489fc1a-skolavor-ustigur/
/gallery/2014-london-iceland-trip/493e33e-gherkin.html,/photo/2014-london-iceland-trip/493e33e-gherkin/
/gallery/2014-london-iceland-trip/49522b3-bletchley-codebreaking.html,/photo/2014-london-iceland-trip/49522b3-bletchley-codebreaking/
/gallery/2014-london-iceland-trip/49594d4-across-the-bay.html,/photo/2014-london-iceland-trip/49594d4-across-the-bay/
/gallery/2014-london-iceland-trip/4d26938-panorama.html,/photo/2014-london-iceland-trip/4d26938-panorama/
/gallery/2014-london-iceland-trip/4f82b54-fancy-building.html,/photo/2014-london-iceland-trip/4f82b54-fancy-building/
/gallery/2014-london-iceland-trip/524128b-panorama.html,/photo/2014-london-iceland-trip/524128b-panorama/
/gallery/2014-london-iceland-trip/5303bd3-panorama.html,/photo/2014-london-iceland-trip/5303bd3-panorama/
/gallery/2014-london-iceland-trip/56d4241-the-nereid-monument.html,/photo/2014-london-iceland-trip/56d4241-the-nereid-monument/
/gallery/2014-london-iceland-trip/570329a-loft-hostel.html,/photo/2014-london-iceland-trip/570329a-loft-hostel/
/gallery/2014-london-iceland-trip/59809e9-tyrannosaurus-rex.html,/photo/2014-london-iceland-trip/59809e9-tyrannosaurus-rex/
/gallery/2014-london-iceland-trip/6132b85-giraffe.html,/photo/2014-london-iceland-trip/6132b85-giraffe/
/gallery/2014-london-iceland-trip/632b686-rosetta-stone.html,/photo/2014-london-iceland-trip/632b686-rosetta-stone/
/gallery/2014-london-iceland-trip/66e837b-hyde-park.html,/photo/2014-london-iceland-trip/66e837b-hyde-park/
/gallery/2014-london-iceland-trip/68119f5-glacier-walk.html,/photo/2014-london-iceland-trip/68119f5-glacier-walk/
/gallery/2014-london-iceland-trip/69f14ff-hallgrimskirkja.html,/photo/2014-london-iceland-trip/69f14ff-hallgrimskirkja/
/gallery/2014-london-iceland-trip/6a12881-panorama.html,/photo/2014-london-iceland-trip/6a12881-panorama/
/gallery/2014-london-iceland-trip/6be2794-glacier-walk.html,/photo/2014-london-iceland-trip/6be2794-glacier-walk/
/gallery/2014-london-iceland-trip/70668ad-panorama.html,/photo/2014-london-iceland-trip/70668ad-panorama/
/gallery/2014-london-iceland-trip/761d483-cityscape.html,/photo/2014-london-iceland-trip/761d483-cityscape/
/gallery/2014-london-iceland-trip/77bf47b-panorama.html,/photo/2014-london-iceland-trip/77bf47b-panorama/
/gallery/2014-london-iceland-trip/78e4415-glacier-walk.html,/photo/2014-london-iceland-trip/78e4415-glacier-walk/
/gallery/2014-london-iceland-trip/7a5ddf9-panorama.html,/photo/2014-london-iceland-trip/7a5ddf9-panorama/
/gallery/2014-london-iceland-trip/7cb9f32-museum-of-skogar.html,/photo/2014-london-iceland-trip/7cb9f32-museum-of-skogar/
/gallery/2014-london-iceland-trip/7cf02b5-night.html,/photo/2014-london-iceland-trip/7cf02b5-night/
/gallery/2014-london-iceland-trip/82328eb-bletchley-codebreaking.html,/photo/2014-london-iceland-trip/82328eb-bletchley-codebreaking/
/gallery/2014-london-iceland-trip/833c1b3-museum-of-skogar.html,/photo/2014-london-iceland-trip/833c1b3-museum-of-skogar/
/gallery/2014-london-iceland-trip/87bb358-african-carvings.html,/photo/2014-london-iceland-trip/87bb358-african-carvings/
/gallery/2014-london-iceland-trip/881baef-sudhurland.html,/photo/2014-london-iceland-trip/881baef-sudhurland/
/gallery/2014-london-iceland-trip/8e50ad8-cityscape.html,/photo/2014-london-iceland-trip/8e50ad8-cityscape/
/gallery/2014-london-iceland-trip/90e6908-colorful.html,/photo/2014-london-iceland-trip/90e6908-colorful/
/gallery/2014-london-iceland-trip/9b3e52f-st-pauls-cathedral.html,/photo/2014-london-iceland-trip/9b3e52f-st-pauls-cathedral/
/gallery/2014-london-iceland-trip/9fa3c9a-skogafoss.html,/photo/2014-london-iceland-trip/9fa3c9a-skogafoss/
/gallery/2014-london-iceland-trip/a02f087-hallgrimskirkja.html,/photo/2014-london-iceland-trip/a02f087-hallgrimskirkja/
/gallery/2014-london-iceland-trip/a6011b3-organist.html,/photo/2014-london-iceland-trip/a6011b3-organist/
/gallery/2014-london-iceland-trip/a7208f4-cityscape.html,/photo/2014-london-iceland-trip/a7208f4-cityscape/
/gallery/2014-london-iceland-trip/a7d6a38-panorama.html,/photo/2014-london-iceland-trip/a7d6a38-panorama/
/gallery/2014-london-iceland-trip/a8e17f9-stegosaurus.html,/photo/2014-london-iceland-trip/a8e17f9-stegosaurus/
/gallery/2014-london-iceland-trip/aa978b7-platform-9-3-4.html,/photo/2014-london-iceland-trip/aa978b7-platform-9-3-4/
/gallery/2014-london-iceland-trip/b0d46ee-british-museum.html,/photo/2014-london-iceland-trip/b0d46ee-british-museum/
/gallery/2014-london-iceland-trip/b1ba977-church-organ.html,/photo/2014-london-iceland-trip/b1ba977-church-organ/
/gallery/2014-london-iceland-trip/b23ccc1-night-waterfall.html,/photo/2014-london-iceland-trip/b23ccc1-night-waterfall/
/gallery/2014-london-iceland-trip/b6360f4-glacier-walk.html,/photo/2014-london-iceland-trip/b6360f4-glacier-walk/
/gallery/2014-london-iceland-trip/b6db71d-glacier-walk.html,/photo/2014-london-iceland-trip/b6db71d-glacier-walk/
/gallery/2014-london-iceland-trip/b70543a-natural-history-museum.html,/photo/2014-london-iceland-trip/b70543a-natural-history-museum/
/gallery/2014-london-iceland-trip/b88e820-hallgrimskirkja.html,/photo/2014-london-iceland-trip/b88e820-hallgrimskirkja/
/gallery/2014-london-iceland-trip/b8bd46c-feed-the-ducks.html,/photo/2014-london-iceland-trip/b8bd46c-feed-the-ducks/
/gallery/2014-london-iceland-trip/bb52573-st-pauls-cathedral.html,/photo/2014-london-iceland-trip/bb52573-st-pauls-cathedral/
/gallery/2014-london-iceland-trip/bd9f003-weather.html,/photo/2014-london-iceland-trip/bd9f003-weather/
/gallery/2014-london-iceland-trip/bf6398b-city-hall.html,/photo/2014-london-iceland-trip/bf6398b-city-hall/
/gallery/2014-london-iceland-trip/c16a7b6-thames-cable-car.html,/photo/2014-london-iceland-trip/c16a7b6-thames-cable-car/
/gallery/2014-london-iceland-trip/c217f20-greenwich-park.html,/photo/2014-london-iceland-trip/c217f20-greenwich-park/
/gallery/2014-london-iceland-trip/c4ff904-glacier-walk.html,/photo/2014-london-iceland-trip/c4ff904-glacier-walk/
/gallery/2014-london-iceland-trip/c551a16-bus-tour.html,/photo/2014-london-iceland-trip/c551a16-bus-tour/
/gallery/2014-london-iceland-trip/c758581-glacier-walk.html,/photo/2014-london-iceland-trip/c758581-glacier-walk/
/gallery/2014-london-iceland-trip/c8267be-sudhurland.html,/photo/2014-london-iceland-trip/c8267be-sudhurland/
/gallery/2014-london-iceland-trip/c828133-panorama.html,/photo/2014-london-iceland-trip/c828133-panorama/
/gallery/2014-london-iceland-trip/c8cca33-whale.html,/photo/2014-london-iceland-trip/c8cca33-whale/
/gallery/2014-london-iceland-trip/ca1f5b9-river-thames.html,/photo/2014-london-iceland-trip/ca1f5b9-river-thames/
/gallery/2014-london-iceland-trip/ca834b8-buckingham-palace.html,/photo/2014-london-iceland-trip/ca834b8-buckingham-palace/
/gallery/2014-london-iceland-trip/cad4f8c-st-pauls-cathedral.html,/photo/2014-london-iceland-trip/cad4f8c-st-pauls-cathedral/
/gallery/2014-london-iceland-trip/d6254b6-hallgrimskirkja.html,/photo/2014-london-iceland-trip/d6254b6-hallgrimskirkja/
/gallery/2014-london-iceland-trip/d66f55c-sudhurland.html,/photo/2014-london-iceland-trip/d66f55c-sudhurland/
/gallery/2014-london-iceland-trip/d6abeff-st-pauls-cathedral.html,/photo/2014-london-iceland-trip/d6abeff-st-pauls-cathedral/
/gallery/2014-london-iceland-trip/df5150c-a-classic-view.html,/photo/2014-london-iceland-trip/df5150c-a-classic-view/
/gallery/2014-london-iceland-trip/e1c9e55-museum-of-skogar.html,/photo/2014-london-iceland-trip/e1c9e55-museum-of-skogar/
/gallery/2014-london-iceland-trip/e32eb2b-farm.html,/photo/2014-london-iceland-trip/e32eb2b-farm/
/gallery/2014-london-iceland-trip/eddc6cd-pathway.html,/photo/2014-london-iceland-trip/eddc6cd-pathway/
/gallery/2014-london-iceland-trip/ef30149-trafalgar-lunch.html,/photo/2014-london-iceland-trip/ef30149-trafalgar-lunch/
/gallery/2014-london-iceland-trip/f2e51f5-the-national-gallery.html,/photo/2014-london-iceland-trip/f2e51f5-the-national-gallery/
/gallery/2014-london-iceland-trip/f5a8d81-cityscape.html,/photo/2014-london-iceland-trip/f5a8d81-cityscape/
/gallery/2014-london-iceland-trip/f9b153c-artifacts.html,/photo/2014-london-iceland-trip/f9b153c-artifacts/
/gallery/2014-london-iceland-trip/f9f25f0-narwhal.html,/photo/2014-london-iceland-trip/f9f25f0-narwhal/
/gallery/2014-london-iceland-trip/fbe9b12-hyde-park.html,/photo/2014-london-iceland-trip/fbe9b12-hyde-park/
/gallery/2014-london-iceland-trip/fc55b8c-museum-of-skogar.html,/photo/2014-london-iceland-trip/fc55b8c-museum-of-skogar/
/gallery/2015-balloon-fiesta/,/photo/2015-balloon-fiesta/
/gallery/2015-balloon-fiesta/021aeeb-img-0920.html,/photo/2015-balloon-fiesta/021aeeb-img-0920/
/gallery/2015-balloon-fiesta/0234c12-img-0399.html,/photo/2015-balloon-fiesta/0234c12-img-0399/
/gallery/2015-balloon-fiesta/0373f93-img-0898.html,/photo/2015-balloon-fiesta/0373f93-img-0898/
/gallery/2015-balloon-fiesta/0a0247c-img-0522.html,/photo/2015-balloon-fiesta/0a0247c-img-0522/
/gallery/2015-balloon-fiesta/0f2c16e-img-0834.html,/photo/2015-balloon-fiesta/0f2c16e-img-0834/
/gallery/2015-balloon-fiesta/15ea128-img-0422.html,/photo/2015-balloon-fiesta/15ea128-img-0422/
/gallery/2015-balloon-fiesta/254747e-imag2195.html,/photo/2015-balloon-fiesta/254747e-imag2195/
/gallery/2015-balloon-fiesta/39f7b01-img-0359.html,/photo/2015-balloon-fiesta/39f7b01-img-0359/
/gallery/2015-balloon-fiesta/3b3deb5-img-0470.html,/photo/2015-balloon-fiesta/3b3deb5-img-0470/
/gallery/2015-balloon-fiesta/41183bb-img-0389.html,/photo/2015-balloon-fiesta/41183bb-img-0389/
/gallery/2015-balloon-fiesta/4419092-img-0619.html,/photo/2015-balloon-fiesta/4419092-img-0619/
/gallery/2015-balloon-fiesta/4425ab5-img-0344.html,/photo/2015-balloon-fiesta/4425ab5-img-0344/
/gallery/2015-balloon-fiesta/4b23cee-img-0435.html,/photo/2015-balloon-fiesta/4b23cee-img-0435/
/gallery/2015-balloon-fiesta/4c7a9b0-img-0820.html,/photo/2015-balloon-fiesta/4c7a9b0-img-0820/
/gallery/2015-balloon-fiesta/4e5a28b-img-0355.html,/photo/2015-balloon-fiesta/4e5a28b-img-0355/
/gallery/2015-balloon-fiesta/5dd4971-imag2382.html,/photo/2015-balloon-fiesta/5dd4971-imag2382/
/gallery/2015-balloon-fiesta/6390ae2-img-0483.html,/photo/2015-balloon-fiesta/6390ae2-img-0483/
/gallery/2015-balloon-fiesta/670c81b-imag2366.html,/photo/2015-balloon-fiesta/670c81b-imag2366/
/gallery/2015-balloon-fiesta/711f1d1-img-0499.html,/photo/2015-balloon-fiesta/711f1d1-img-0499/
/gallery/2015-balloon-fiesta/731c67c-img-0378.html,/photo/2015-balloon-fiesta/731c67c-img-0378/
/gallery/2015-balloon-fiesta/8010c80-img-0465.html,/photo/2015-balloon-fiesta/8010c80-img-0465/
/gallery/2015-balloon-fiesta/8326351-img-0697.html,/photo/2015-balloon-fiesta/8326351-img-0697/
/gallery/2015-balloon-fiesta/89dbad4-img-0392.html,/photo/2015-balloon-fiesta/89dbad4-img-0392/
/gallery/2015-balloon-fiesta/914279d-img-0922.html,/photo/2015-balloon-fiesta/914279d-img-0922/
/gallery/2015-balloon-fiesta/958ec45-img-0336.html,/photo/2015-balloon-fiesta/958ec45-img-0336/
/gallery/2015-balloon-fiesta/9cd0322-img-0631.html,/photo/2015-balloon-fiesta/9cd0322-img-0631/
/gallery/2015-balloon-fiesta/9ee1c77-img-0503.html,/photo/2015-balloon-fiesta/9ee1c77-img-0503/
/gallery/2015-balloon-fiesta/a320270-imag2180.html,/photo/2015-balloon-fiesta/a320270-imag2180/
/gallery/2015-balloon-fiesta/ae76c84-img-0598.html,/photo/2015-balloon-fiesta/ae76c84-img-0598/
/gallery/2015-balloon-fiesta/b115008-img-0707.html,/photo/2015-balloon-fiesta/b115008-img-0707/
/gallery/2015-balloon-fiesta/bc19922-img-0449.html,/photo/2015-balloon-fiesta/bc19922-img-0449/
/gallery/2015-balloon-fiesta/c26bc62-img-0495.html,/photo/2015-balloon-fiesta/c26bc62-img-0495/
/gallery/2015-balloon-fiesta/c373a68-img-0488.html,/photo/2015-balloon-fiesta/c373a68-img-0488/
/gallery/2015-balloon-fiesta/c7a6b71-imag2233.html,/photo/2015-balloon-fiesta/c7a6b71-imag2233/
/gallery/2015-balloon-fiesta/d77389a-img-0534.html,/photo/2015-balloon-fiesta/d77389a-img-0534/
/gallery/2015-balloon-fiesta/de8713a-img-0410.html,/photo/2015-balloon-fiesta/de8713a-img-0410/
/gallery/2015-balloon-fiesta/e42bd57-img-0916.html,/photo/2015-balloon-fiesta/e42bd57-img-0916/
/gallery/2015-balloon-fiesta/e68c31f-img-0426.html,/photo/2015-balloon-fiesta/e68c31f-img-0426/
/gallery/2015-balloon-fiesta/e6b56db-img-0647.html,/photo/2015-balloon-fiesta/e6b56db-img-0647/
/gallery/2015-balloon-fiesta/e94146c-img-0741.html,/photo/2015-balloon-fiesta/e94146c-img-0741/
/gallery/2015-balloon-fiesta/fa4c901-img-0549.html,/photo/2015-balloon-fiesta/fa4c901-img-0549/
/gallery/2015-balloon-fiesta/fc46ce5-img-0527.html,/photo/2015-balloon-fiesta/fc46ce5-img-0527/
/gallery/2015-cambodia-thailand-trip/,/photo/2015-cambodia-thailand-trip/
/gallery/2015-cambodia-thailand-trip/00018be-img-1558.html,/photo/2015-cambodia-thailand-trip/00018be-img-1558/
/gallery/2015-cambodia-thailand-trip/00ae52c-img-2070.html,/photo/2015-cambodia-thailand-trip/00ae52c-img-2070/
/gallery/2015-cambodia-thailand-trip/0119242-img-2251.html,/photo/2015-cambodia-thailand-trip/0119242-img-2251/
/gallery/2015-cambodia-thailand-trip/062b0a1-img-2234.html,/photo/2015-cambodia-thailand-trip/062b0a1-img-2234/
/gallery/2015-cambodia-thailand-trip/0634312-img-0994.html,/photo/2015-cambodia-thailand-trip/0634312-img-0994/
/gallery/2015-cambodia-thailand-trip/0679a96-img-1131.html,/photo/2015-cambodia-thailand-trip/0679a96-img-1131/
/gallery/2015-cambodia-thailand-trip/0a6cf42-img-2037.html,/photo/2015-cambodia-thailand-trip/0a6cf42-img-2037/
/gallery/2015-cambodia-thailand-trip/0b51e42-img-2092.html,/photo/2015-cambodia-thailand-trip/0b51e42-img-2092/
/gallery/2015-cambodia-thailand-trip/0d2ea91-img-2271-pano.html,/photo/2015-cambodia-thailand-trip/0d2ea91-img-2271-pano/
/gallery/2015-cambodia-thailand-trip/0ecdcf8-img-1272.html,/photo/2015-cambodia-thailand-trip/0ecdcf8-img-1272/
/gallery/2015-cambodia-thailand-trip/103d2e0-img-2010.html,/photo/2015-cambodia-thailand-trip/103d2e0-img-2010/
/gallery/2015-cambodia-thailand-trip/10fe1d2-img-2029.html,/photo/2015-cambodia-thailand-trip/10fe1d2-img-2029/
/gallery/2015-cambodia-thailand-trip/15296ea-img-2032.html,/photo/2015-cambodia-thailand-trip/15296ea-img-2032/
/gallery/2015-cambodia-thailand-trip/1c60947-img-2306.html,/photo/2015-cambodia-thailand-trip/1c60947-img-2306/
/gallery/2015-cambodia-thailand-trip/2148845-img-1046.html,/photo/2015-cambodia-thailand-trip/2148845-img-1046/
/gallery/2015-cambodia-thailand-trip/2206598-img-0958.html,/photo/2015-cambodia-thailand-trip/2206598-img-0958/
/gallery/2015-cambodia-thailand-trip/22deb2a-img-1010.html,/photo/2015-cambodia-thailand-trip/22deb2a-img-1010/
/gallery/2015-cambodia-thailand-trip/2423cce-img-1107.html,/photo/2015-cambodia-thailand-trip/2423cce-img-1107/
/gallery/2015-cambodia-thailand-trip/245093d-img-1079.html,/photo/2015-cambodia-thailand-trip/245093d-img-1079/
/gallery/2015-cambodia-thailand-trip/24d86c2-img-1268.html,/photo/2015-cambodia-thailand-trip/24d86c2-img-1268/
/gallery/2015-cambodia-thailand-trip/267b4bf-img-1243.html,/photo/2015-cambodia-thailand-trip/267b4bf-img-1243/
/gallery/2015-cambodia-thailand-trip/276b568-img-2169.html,/photo/2015-cambodia-thailand-trip/276b568-img-2169/
/gallery/2015-cambodia-thailand-trip/2927987-img-2383.html,/photo/2015-cambodia-thailand-trip/2927987-img-2383/
/gallery/2015-cambodia-thailand-trip/2c0eaa2-img-0993.html,/photo/2015-cambodia-thailand-trip/2c0eaa2-img-0993/
/gallery/2015-cambodia-thailand-trip/2d2f5d5-img-2316.html,/photo/2015-cambodia-thailand-trip/2d2f5d5-img-2316/
/gallery/2015-cambodia-thailand-trip/2d3679e-img-1229.html,/photo/2015-cambodia-thailand-trip/2d3679e-img-1229/
/gallery/2015-cambodia-thailand-trip/2e84c6b-img-1031.html,/photo/2015-cambodia-thailand-trip/2e84c6b-img-1031/
/gallery/2015-cambodia-thailand-trip/2fa5b81-img-1325.html,/photo/2015-cambodia-thailand-trip/2fa5b81-img-1325/
/gallery/2015-cambodia-thailand-trip/31dca9d-img-1703.html,/photo/2015-cambodia-thailand-trip/31dca9d-img-1703/
/gallery/2015-cambodia-thailand-trip/347d0f9-img-1646.html,/photo/2015-cambodia-thailand-trip/347d0f9-img-1646/
/gallery/2015-cambodia-thailand-trip/34cf764-img-2256.html,/photo/2015-cambodia-thailand-trip/34cf764-img-2256/
/gallery/2015-cambodia-thailand-trip/368bbdb-img-2031.html,/photo/2015-cambodia-thailand-trip/368bbdb-img-2031/
/gallery/2015-cambodia-thailand-trip/37977f2-img-1943.html,/photo/2015-cambodia-thailand-trip/37977f2-img-1943/
/gallery/2015-cambodia-thailand-trip/3805378-img-1950.html,/photo/2015-cambodia-thailand-trip/3805378-img-1950/
/gallery/2015-cambodia-thailand-trip/3876052-img-1852.html,/photo/2015-cambodia-thailand-trip/3876052-img-1852/
/gallery/2015-cambodia-thailand-trip/3c62e0f-img-0960.html,/photo/2015-cambodia-thailand-trip/3c62e0f-img-0960/
/gallery/2015-cambodia-thailand-trip/3dbcc3b-img-1187.html,/photo/2015-cambodia-thailand-trip/3dbcc3b-img-1187/
/gallery/2015-cambodia-thailand-trip/3ee1f41-img-1460.html,/photo/2015-cambodia-thailand-trip/3ee1f41-img-1460/
/gallery/2015-cambodia-thailand-trip/404cac7-img-1900.html,/photo/2015-cambodia-thailand-trip/404cac7-img-1900/
/gallery/2015-cambodia-thailand-trip/4050aa0-img-1408.html,/photo/2015-cambodia-thailand-trip/4050aa0-img-1408/
/gallery/2015-cambodia-thailand-trip/411da1f-img-1526.html,/photo/2015-cambodia-thailand-trip/411da1f-img-1526/
/gallery/2015-cambodia-thailand-trip/457e6e0-img-0984.html,/photo/2015-cambodia-thailand-trip/457e6e0-img-0984/
/gallery/2015-cambodia-thailand-trip/460fdc5-img-1171.html,/photo/2015-cambodia-thailand-trip/460fdc5-img-1171/
/gallery/2015-cambodia-thailand-trip/4683f98-img-1234.html,/photo/2015-cambodia-thailand-trip/4683f98-img-1234/
/gallery/2015-cambodia-thailand-trip/468d46d-img-1199.html,/photo/2015-cambodia-thailand-trip/468d46d-img-1199/
/gallery/2015-cambodia-thailand-trip/4ad3c57-img-1204.html,/photo/2015-cambodia-thailand-trip/4ad3c57-img-1204/
/gallery/2015-cambodia-thailand-trip/4bfb671-img-1956.html,/photo/2015-cambodia-thailand-trip/4bfb671-img-1956/
/gallery/2015-cambodia-thailand-trip/4d68b2e-img-1416.html,/photo/2015-cambodia-thailand-trip/4d68b2e-img-1416/
/gallery/2015-cambodia-thailand-trip/52209eb-img-1815.html,/photo/2015-cambodia-thailand-trip/52209eb-img-1815/
/gallery/2015-cambodia-thailand-trip/5341bfc-img-2166.html,/photo/2015-cambodia-thailand-trip/5341bfc-img-2166/
/gallery/2015-cambodia-thailand-trip/54d66f4-img-1485.html,/photo/2015-cambodia-thailand-trip/54d66f4-img-1485/
/gallery/2015-cambodia-thailand-trip/59014a2-img-2109.html,/photo/2015-cambodia-thailand-trip/59014a2-img-2109/
/gallery/2015-cambodia-thailand-trip/5a94908-img-1643.html,/photo/2015-cambodia-thailand-trip/5a94908-img-1643/
/gallery/2015-cambodia-thailand-trip/5bfa633-img-2333.html,/photo/2015-cambodia-thailand-trip/5bfa633-img-2333/
/gallery/2015-cambodia-thailand-trip/5c50d93-img-2380.html,/photo/2015-cambodia-thailand-trip/5c50d93-img-2380/
/gallery/2015-cambodia-thailand-trip/5f1972f-img-1927.html,/photo/2015-cambodia-thailand-trip/5f1972f-img-1927/
/gallery/2015-cambodia-thailand-trip/5fdf36a-img-1159.html,/photo/2015-cambodia-thailand-trip/5fdf36a-img-1159/
/gallery/2015-cambodia-thailand-trip/635e8a3-img-2008.html,/photo/2015-cambodia-thailand-trip/635e8a3-img-2008/
/gallery/2015-cambodia-thailand-trip/675e7f0-img-1918.html,/photo/2015-cambodia-thailand-trip/675e7f0-img-1918/
/gallery/2015-cambodia-thailand-trip/67a9685-img-1969.html,/photo/2015-cambodia-thailand-trip/67a9685-img-1969/
/gallery/2015-cambodia-thailand-trip/6970dd9-img-2361.html,/photo/2015-cambodia-thailand-trip/6970dd9-img-2361/
/gallery/2015-cambodia-thailand-trip/6bc9240-img-1538.html,/photo/2015-cambodia-thailand-trip/6bc9240-img-1538/
/gallery/2015-cambodia-thailand-trip/6ce5d53-img-2081.html,/photo/2015-cambodia-thailand-trip/6ce5d53-img-2081/
/gallery/2015-cambodia-thailand-trip/6de27eb-img-1952.html,/photo/2015-cambodia-thailand-trip/6de27eb-img-1952/
/gallery/2015-cambodia-thailand-trip/6e79602-img-1098.html,/photo/2015-cambodia-thailand-trip/6e79602-img-1098/
/gallery/2015-cambodia-thailand-trip/7156473-img-1132.html,/photo/2015-cambodia-thailand-trip/7156473-img-1132/
/gallery/2015-cambodia-thailand-trip/7295d88-img-1130.html,/photo/2015-cambodia-thailand-trip/7295d88-img-1130/
/gallery/2015-cambodia-thailand-trip/76f41b1-img-2288.html,/photo/2015-cambodia-thailand-trip/76f41b1-img-2288/
/gallery/2015-cambodia-thailand-trip/787e563-img-1005.html,/photo/2015-cambodia-thailand-trip/787e563-img-1005/
/gallery/2015-cambodia-thailand-trip/7954a7d-img-1647.html,/photo/2015-cambodia-thailand-trip/7954a7d-img-1647/
/gallery/2015-cambodia-thailand-trip/7d5c98a-img-1674.html,/photo/2015-cambodia-thailand-trip/7d5c98a-img-1674/
/gallery/2015-cambodia-thailand-trip/7fa2005-img-1948.html,/photo/2015-cambodia-thailand-trip/7fa2005-img-1948/
/gallery/2015-cambodia-thailand-trip/84c4728-img-1820.html,/photo/2015-cambodia-thailand-trip/84c4728-img-1820/
/gallery/2015-cambodia-thailand-trip/8563672-img-1094.html,/photo/2015-cambodia-thailand-trip/8563672-img-1094/
/gallery/2015-cambodia-thailand-trip/88f556a-img-1930.html,/photo/2015-cambodia-thailand-trip/88f556a-img-1930/
/gallery/2015-cambodia-thailand-trip/8b6fd8e-img-2223.html,/photo/2015-cambodia-thailand-trip/8b6fd8e-img-2223/
/gallery/2015-cambodia-thailand-trip/96c34cd-img-1624.html,/photo/2015-cambodia-thailand-trip/96c34cd-img-1624/
/gallery/2015-cambodia-thailand-trip/97f665d-img-1738.html,/photo/2015-cambodia-thailand-trip/97f665d-img-1738/
/gallery/2015-cambodia-thailand-trip/9817b07-img-1082.html,/photo/2015-cambodia-thailand-trip/9817b07-img-1082/
/gallery/2015-cambodia-thailand-trip/999bece-img-1057.html,/photo/2015-cambodia-thailand-trip/999bece-img-1057/
/gallery/2015-cambodia-thailand-trip/9a3e0c9-img-1966.html,/photo/2015-cambodia-thailand-trip/9a3e0c9-img-1966/
/gallery/2015-cambodia-thailand-trip/9a599fd-img-1196.html,/photo/2015-cambodia-thailand-trip/9a599fd-img-1196/
/gallery/2015-cambodia-thailand-trip/9ab9107-img-2186.html,/photo/2015-cambodia-thailand-trip/9ab9107-img-2186/
/gallery/2015-cambodia-thailand-trip/9b2edec-img-1877.html,/photo/2015-cambodia-thailand-trip/9b2edec-img-1877/
/gallery/2015-cambodia-thailand-trip/9b4fea6-img-2358.html,/photo/2015-cambodia-thailand-trip/9b4fea6-img-2358/
/gallery/2015-cambodia-thailand-trip/9ebc24f-img-1981.html,/photo/2015-cambodia-thailand-trip/9ebc24f-img-1981/
/gallery/2015-cambodia-thailand-trip/9f0162c-img-1436.html,/photo/2015-cambodia-thailand-trip/9f0162c-img-1436/
/gallery/2015-cambodia-thailand-trip/9f65405-img-1621.html,/photo/2015-cambodia-thailand-trip/9f65405-img-1621/
/gallery/2015-cambodia-thailand-trip/a0e0593-img-1924.html,/photo/2015-cambodia-thailand-trip/a0e0593-img-1924/
/gallery/2015-cambodia-thailand-trip/a408209-img-1209.html,/photo/2015-cambodia-thailand-trip/a408209-img-1209/
/gallery/2015-cambodia-thailand-trip/a50adc7-img-1198.html,/photo/2015-cambodia-thailand-trip/a50adc7-img-1198/
/gallery/2015-cambodia-thailand-trip/a8f5fa5-img-2371.html,/photo/2015-cambodia-thailand-trip/a8f5fa5-img-2371/
/gallery/2015-cambodia-thailand-trip/a92f6a2-img-1029.html,/photo/2015-cambodia-thailand-trip/a92f6a2-img-1029/
/gallery/2015-cambodia-thailand-trip/abf5597-img-1162.html,/photo/2015-cambodia-thailand-trip/abf5597-img-1162/
/gallery/2015-cambodia-thailand-trip/aca3309-img-1800.html,/photo/2015-cambodia-thailand-trip/aca3309-img-1800/
/gallery/2015-cambodia-thailand-trip/af60a57-img-1308.html,/photo/2015-cambodia-thailand-trip/af60a57-img-1308/
/gallery/2015-cambodia-thailand-trip/b0a2bc2-img-1262.html,/photo/2015-cambodia-thailand-trip/b0a2bc2-img-1262/
/gallery/2015-cambodia-thailand-trip/b410619-img-2075.html,/photo/2015-cambodia-thailand-trip/b410619-img-2075/
/gallery/2015-cambodia-thailand-trip/b529453-img-1610.html,/photo/2015-cambodia-thailand-trip/b529453-img-1610/
/gallery/2015-cambodia-thailand-trip/b53c895-img-1140.html,/photo/2015-cambodia-thailand-trip/b53c895-img-1140/
/gallery/2015-cambodia-thailand-trip/b5dafc7-img-0971.html,/photo/2015-cambodia-thailand-trip/b5dafc7-img-0971/
/gallery/2015-cambodia-thailand-trip/b6da0c7-img-1186.html,/photo/2015-cambodia-thailand-trip/b6da0c7-img-1186/
/gallery/2015-cambodia-thailand-trip/b6df529-img-2059.html,/photo/2015-cambodia-thailand-trip/b6df529-img-2059/
/gallery/2015-cambodia-thailand-trip/b93a40d-img-1467.html,/photo/2015-cambodia-thailand-trip/b93a40d-img-1467/
/gallery/2015-cambodia-thailand-trip/ba49460-img-1175.html,/photo/2015-cambodia-thailand-trip/ba49460-img-1175/
/gallery/2015-cambodia-thailand-trip/baae0b9-img-2141.html,/photo/2015-cambodia-thailand-trip/baae0b9-img-2141/
/gallery/2015-cambodia-thailand-trip/baf06ff-img-1149.html,/photo/2015-cambodia-thailand-trip/baf06ff-img-1149/
/gallery/2015-cambodia-thailand-trip/bf24d58-img-1125.html,/photo/2015-cambodia-thailand-trip/bf24d58-img-1125/
/gallery/2015-cambodia-thailand-trip/c3ecee4-img-1581.html,/photo/2015-cambodia-thailand-trip/c3ecee4-img-1581/
/gallery/2015-cambodia-thailand-trip/c50ddee-img-2016.html,/photo/2015-cambodia-thailand-trip/c50ddee-img-2016/
/gallery/2015-cambodia-thailand-trip/c53b1dc-img-1982.html,/photo/2015-cambodia-thailand-trip/c53b1dc-img-1982/
/gallery/2015-cambodia-thailand-trip/cad1df3-img-1958.html,/photo/2015-cambodia-thailand-trip/cad1df3-img-1958/
/gallery/2015-cambodia-thailand-trip/cb35b0a-img-1056.html,/photo/2015-cambodia-thailand-trip/cb35b0a-img-1056/
/gallery/2015-cambodia-thailand-trip/cbb80b5-img-1023.html,/photo/2015-cambodia-thailand-trip/cbb80b5-img-1023/
/gallery/2015-cambodia-thailand-trip/d02a252-img-2320.html,/photo/2015-cambodia-thailand-trip/d02a252-img-2320/
/gallery/2015-cambodia-thailand-trip/d29a63d-img-1069.html,/photo/2015-cambodia-thailand-trip/d29a63d-img-1069/
/gallery/2015-cambodia-thailand-trip/d43684e-img-1440.html,/photo/2015-cambodia-thailand-trip/d43684e-img-1440/
/gallery/2015-cambodia-thailand-trip/d6a4414-img-1980.html,/photo/2015-cambodia-thailand-trip/d6a4414-img-1980/
/gallery/2015-cambodia-thailand-trip/d9133cb-img-1362.html,/photo/2015-cambodia-thailand-trip/d9133cb-img-1362/
/gallery/2015-cambodia-thailand-trip/e19b8cf-img-2338.html,/photo/2015-cambodia-thailand-trip/e19b8cf-img-2338/
/gallery/2015-cambodia-thailand-trip/e31d203-img-2052.html,/photo/2015-cambodia-thailand-trip/e31d203-img-2052/
/gallery/2015-cambodia-thailand-trip/e61d2c7-img-2196.html,/photo/2015-cambodia-thailand-trip/e61d2c7-img-2196/
/gallery/2015-cambodia-thailand-trip/e653903-img-2038.html,/photo/2015-cambodia-thailand-trip/e653903-img-2038/
/gallery/2015-cambodia-thailand-trip/e66908b-img-0954.html,/photo/2015-cambodia-thailand-trip/e66908b-img-0954/
/gallery/2015-cambodia-thailand-trip/f0b8ca2-img-2352.html,/photo/2015-cambodia-thailand-trip/f0b8ca2-img-2352/
/gallery/2015-cambodia-thailand-trip/f235b51-img-1252.html,/photo/2015-cambodia-thailand-trip/f235b51-img-1252/
/gallery/2015-cambodia-thailand-trip/f309d4c-img-0961.html,/photo/2015-cambodia-thailand-trip/f309d4c-img-0961/
/gallery/2015-cambodia-thailand-trip/f89f636-img-0962.html,/photo/2015-cambodia-thailand-trip/f89f636-img-0962/
/gallery/2015-cambodia-thailand-trip/f964113-img-1220.html,/photo/2015-cambodia-thailand-trip/f964113-img-1220/
/gallery/2015-cambodia-thailand-trip/f9f7cbe-img-1182.html,/photo/2015-cambodia-thailand-trip/f9f7cbe-img-1182/
/gallery/2015-cambodia-thailand-trip/ff63707-img-2314.html,/photo/2015-cambodia-thailand-trip/ff63707-img-2314/
/gallery/2015-cambodia-thailand-trip/ffde6e7-img-1117.html,/photo/2015-cambodia-thailand-trip/ffde6e7-img-1117/
/gallery/2015-costa-rica-trip/,/photo/2015-costa-rica-trip/
/gallery/2015-costa-rica-trip/020bc58-giovannis-night-tour.html,/photo/2015-costa-rica-trip/020bc58-giovannis-night-tour/
/gallery/2015-costa-rica-trip/02aeb31-el-avion.html,/photo/2015-costa-rica-trip/02aeb31-el-avion/
/gallery/2015-costa-rica-trip/04b40de-manuel-antonio-national-park.html,/photo/2015-costa-rica-trip/04b40de-manuel-antonio-national-park/
/gallery/2015-costa-rica-trip/0817658-canopy-zip-line.html,/photo/2015-costa-rica-trip/0817658-canopy-zip-line/
/gallery/2015-costa-rica-trip/0880939-monteverde-chocolate-tour.html,/photo/2015-costa-rica-trip/0880939-monteverde-chocolate-tour/
/gallery/2015-costa-rica-trip/0a29380-monteverde-chocolate-tour.html,/photo/2015-costa-rica-trip/0a29380-monteverde-chocolate-tour/
/gallery/2015-costa-rica-trip/0f370ed-img-2465.html,/photo/2015-costa-rica-trip/0f370ed-img-2465/
/gallery/2015-costa-rica-trip/0f5608b-tree-house-restaurant.html,/photo/2015-costa-rica-trip/0f5608b-tree-house-restaurant/
/gallery/2015-costa-rica-trip/128cc05-hanging-bridges.html,/photo/2015-costa-rica-trip/128cc05-hanging-bridges/
/gallery/2015-costa-rica-trip/1362d41-canopy-zip-line.html,/photo/2015-costa-rica-trip/1362d41-canopy-zip-line/
/gallery/2015-costa-rica-trip/15acca5-canopy-zip-line.html,/photo/2015-costa-rica-trip/15acca5-canopy-zip-line/
/gallery/2015-costa-rica-trip/1654b98-hanging-bridges.html,/photo/2015-costa-rica-trip/1654b98-hanging-bridges/
/gallery/2015-costa-rica-trip/1665ce9-boat-tour.html,/photo/2015-costa-rica-trip/1665ce9-boat-tour/
/gallery/2015-costa-rica-trip/169e642-manuel-antonio-national-park.html,/photo/2015-costa-rica-trip/169e642-manuel-antonio-national-park/
/gallery/2015-costa-rica-trip/19fb74d-boat-tour.html,/photo/2015-costa-rica-trip/19fb74d-boat-tour/
/gallery/2015-costa-rica-trip/1cb087d-first-beach.html,/photo/2015-costa-rica-trip/1cb087d-first-beach/
/gallery/2015-costa-rica-trip/1f2b63b-ciudad-quesada.html,/photo/2015-costa-rica-trip/1f2b63b-ciudad-quesada/
/gallery/2015-costa-rica-trip/238588a-giovannis-night-tour.html,/photo/2015-costa-rica-trip/238588a-giovannis-night-tour/
/gallery/2015-costa-rica-trip/23e51bc-jeep-boat-jeep.html,/photo/2015-costa-rica-trip/23e51bc-jeep-boat-jeep/
/gallery/2015-costa-rica-trip/263b61d-hanging-bridges.html,/photo/2015-costa-rica-trip/263b61d-hanging-bridges/
/gallery/2015-costa-rica-trip/287df54-hanging-bridges.html,/photo/2015-costa-rica-trip/287df54-hanging-bridges/
/gallery/2015-costa-rica-trip/288f548-giovannis-night-tour.html,/photo/2015-costa-rica-trip/288f548-giovannis-night-tour/
/gallery/2015-costa-rica-trip/28ec865-parque-nacional.html,/photo/2015-costa-rica-trip/28ec865-parque-nacional/
/gallery/2015-costa-rica-trip/2c4b03b-canopy-zip-line.html,/photo/2015-costa-rica-trip/2c4b03b-canopy-zip-line/
/gallery/2015-costa-rica-trip/2cb76f3-hike-from-cerro-chato.html,/photo/2015-costa-rica-trip/2cb76f3-hike-from-cerro-chato/
/gallery/2015-costa-rica-trip/2cdf51c-hanging-bridges.html,/photo/2015-costa-rica-trip/2cdf51c-hanging-bridges/
/gallery/2015-costa-rica-trip/3058bbd-monument-at-parque-nacional.html,/photo/2015-costa-rica-trip/3058bbd-monument-at-parque-nacional/
/gallery/2015-costa-rica-trip/3078b77-el-avion.html,/photo/2015-costa-rica-trip/3078b77-el-avion/
/gallery/2015-costa-rica-trip/30d9cb8-giovannis-night-tour.html,/photo/2015-costa-rica-trip/30d9cb8-giovannis-night-tour/
/gallery/2015-costa-rica-trip/319af9c-en-route-to-la-fortuna.html,/photo/2015-costa-rica-trip/319af9c-en-route-to-la-fortuna/
/gallery/2015-costa-rica-trip/327d1bb-manuel-antonio-national-park.html,/photo/2015-costa-rica-trip/327d1bb-manuel-antonio-national-park/
/gallery/2015-costa-rica-trip/36fa959-el-avion.html,/photo/2015-costa-rica-trip/36fa959-el-avion/
/gallery/2015-costa-rica-trip/388aa87-canopy-zip-line.html,/photo/2015-costa-rica-trip/388aa87-canopy-zip-line/
/gallery/2015-costa-rica-trip/3bf02da-hike-to-cerro-chato.html,/photo/2015-costa-rica-trip/3bf02da-hike-to-cerro-chato/
/gallery/2015-costa-rica-trip/41990a7-boat-tour.html,/photo/2015-costa-rica-trip/41990a7-boat-tour/
/gallery/2015-costa-rica-trip/47fd351-boat-tour.html,/photo/2015-costa-rica-trip/47fd351-boat-tour/
/gallery/2015-costa-rica-trip/48f23d8-hanging-bridges.html,/photo/2015-costa-rica-trip/48f23d8-hanging-bridges/
/gallery/2015-costa-rica-trip/4a08af3-manuel-antonio-national-park.html,/photo/2015-costa-rica-trip/4a08af3-manuel-antonio-national-park/
/gallery/2015-costa-rica-trip/4aa865c-giovannis-night-tour.html,/photo/2015-costa-rica-trip/4aa865c-giovannis-night-tour/
/gallery/2015-costa-rica-trip/4e5af81-jeep-boat-jeep.html,/photo/2015-costa-rica-trip/4e5af81-jeep-boat-jeep/
/gallery/2015-costa-rica-trip/5018806-el-avion.html,/photo/2015-costa-rica-trip/5018806-el-avion/
/gallery/2015-costa-rica-trip/507297f-don-juan-coffee-tour.html,/photo/2015-costa-rica-trip/507297f-don-juan-coffee-tour/
/gallery/2015-costa-rica-trip/52e4f19-giovannis-night-tour.html,/photo/2015-costa-rica-trip/52e4f19-giovannis-night-tour/
/gallery/2015-costa-rica-trip/52fbc4f-hanging-bridges.html,/photo/2015-costa-rica-trip/52fbc4f-hanging-bridges/
/gallery/2015-costa-rica-trip/59c3d74-manuel-antonio-national-park.html,/photo/2015-costa-rica-trip/59c3d74-manuel-antonio-national-park/
/gallery/2015-costa-rica-trip/5cdf335-don-juan-coffee-tour.html,/photo/2015-costa-rica-trip/5cdf335-don-juan-coffee-tour/
/gallery/2015-costa-rica-trip/5d967d2-manuel-antonio-national-park.html,/photo/2015-costa-rica-trip/5d967d2-manuel-antonio-national-park/
/gallery/2015-costa-rica-trip/5e1987f-hanging-bridges.html,/photo/2015-costa-rica-trip/5e1987f-hanging-bridges/
/gallery/2015-costa-rica-trip/5ea206c-el-avion.html,/photo/2015-costa-rica-trip/5ea206c-el-avion/
/gallery/2015-costa-rica-trip/5f71bc8-jeep-boat-jeep.html,/photo/2015-costa-rica-trip/5f71bc8-jeep-boat-jeep/
/gallery/2015-costa-rica-trip/621981b-hanging-bridges.html,/photo/2015-costa-rica-trip/621981b-hanging-bridges/
/gallery/2015-costa-rica-trip/62f33e5-img-2464.html,/photo/2015-costa-rica-trip/62f33e5-img-2464/
/gallery/2015-costa-rica-trip/67d08eb-el-avion.html,/photo/2015-costa-rica-trip/67d08eb-el-avion/
/gallery/2015-costa-rica-trip/698af83-hanging-bridges.html,/photo/2015-costa-rica-trip/698af83-hanging-bridges/
/gallery/2015-costa-rica-trip/6a344be-manuel-antonio-national-park.html,/photo/2015-costa-rica-trip/6a344be-manuel-antonio-national-park/
/gallery/2015-costa-rica-trip/6a78f2e-jeep-boat-jeep.html,/photo/2015-costa-rica-trip/6a78f2e-jeep-boat-jeep/
/gallery/2015-costa-rica-trip/6b45122-giovannis-night-tour.html,/photo/2015-costa-rica-trip/6b45122-giovannis-night-tour/
/gallery/2015-costa-rica-trip/745372b-giovannis-night-tour.html,/photo/2015-costa-rica-trip/745372b-giovannis-night-tour/
/gallery/2015-costa-rica-trip/785fc88-don-juan-coffee-tour.html,/photo/2015-costa-rica-trip/785fc88-don-juan-coffee-tour/
/gallery/2015-costa-rica-trip/78b6538-red-sofa.html,/photo/2015-costa-rica-trip/78b6538-red-sofa/
/gallery/2015-costa-rica-trip/7bc5479-en-route-to-la-fortuna.html,/photo/2015-costa-rica-trip/7bc5479-en-route-to-la-fortuna/
/gallery/2015-costa-rica-trip/7bff94b-canopy-zip-line.html,/photo/2015-costa-rica-trip/7bff94b-canopy-zip-line/
/gallery/2015-costa-rica-trip/7c61a51-don-juan-coffee-tour.html,/photo/2015-costa-rica-trip/7c61a51-don-juan-coffee-tour/
/gallery/2015-costa-rica-trip/7cd8fdf-monteverde-chocolate-tour.html,/photo/2015-costa-rica-trip/7cd8fdf-monteverde-chocolate-tour/
/gallery/2015-costa-rica-trip/7d01cf9-don-juan-coffee-tour.html,/photo/2015-costa-rica-trip/7d01cf9-don-juan-coffee-tour/
/gallery/2015-costa-rica-trip/7d3c2d9-manuel-antonio-national-park.html,/photo/2015-costa-rica-trip/7d3c2d9-manuel-antonio-national-park/
/gallery/2015-costa-rica-trip/803d85a-monteverde-chocolate-tour.html,/photo/2015-costa-rica-trip/803d85a-monteverde-chocolate-tour/
/gallery/2015-costa-rica-trip/8114c5b-manuel-antonio-national-park.html,/photo/2015-costa-rica-trip/8114c5b-manuel-antonio-national-park/
/gallery/2015-costa-rica-trip/88a1506-don-juan-coffee-tour.html,/photo/2015-costa-rica-trip/88a1506-don-juan-coffee-tour/
/gallery/2015-costa-rica-trip/88d21c0-hanging-bridges.html,/photo/2015-costa-rica-trip/88d21c0-hanging-bridges/
/gallery/2015-costa-rica-trip/904620b-hike-to-cerro-chato.html,/photo/2015-costa-rica-trip/904620b-hike-to-cerro-chato/
/gallery/2015-costa-rica-trip/917dd23-manuel-antonio-national-park.html,/photo/2015-costa-rica-trip/917dd23-manuel-antonio-national-park/
/gallery/2015-costa-rica-trip/932f008-jeep-boat-jeep.html,/photo/2015-costa-rica-trip/932f008-jeep-boat-jeep/
/gallery/2015-costa-rica-trip/95df46a-en-route-to-la-fortuna.html,/photo/2015-costa-rica-trip/95df46a-en-route-to-la-fortuna/
/gallery/2015-costa-rica-trip/9606542-horse-parade.html,/photo/2015-costa-rica-trip/9606542-horse-parade/
/gallery/2015-costa-rica-trip/97dc064-hanging-bridges.html,/photo/2015-costa-rica-trip/97dc064-hanging-bridges/
/gallery/2015-costa-rica-trip/99e190d-lookout.html,/photo/2015-costa-rica-trip/99e190d-lookout/
/gallery/2015-costa-rica-trip/a0e1387-boat-tour.html,/photo/2015-costa-rica-trip/a0e1387-boat-tour/
/gallery/2015-costa-rica-trip/a3b1d00-hike-to-cerro-chato.html,/photo/2015-costa-rica-trip/a3b1d00-hike-to-cerro-chato/
/gallery/2015-costa-rica-trip/a7a2bac-don-juan-coffee-tour.html,/photo/2015-costa-rica-trip/a7a2bac-don-juan-coffee-tour/
/gallery/2015-costa-rica-trip/a977d06-giovannis-night-tour.html,/photo/2015-costa-rica-trip/a977d06-giovannis-night-tour/
/gallery/2015-costa-rica-trip/aa6be30-don-juan-coffee-tour.html,/photo/2015-costa-rica-trip/aa6be30-don-juan-coffee-tour/
/gallery/2015-costa-rica-trip/aabb2db-don-juan-coffee-tour.html,/photo/2015-costa-rica-trip/aabb2db-don-juan-coffee-tour/
/gallery/2015-costa-rica-trip/ab6da0f-don-juan-coffee-tour.html,/photo/2015-costa-rica-trip/ab6da0f-don-juan-coffee-tour/
/gallery/2015-costa-rica-trip/adac11d-manuel-antonio-national-park.html,/photo/2015-costa-rica-trip/adac11d-manuel-antonio-national-park/
/gallery/2015-costa-rica-trip/ae8494f-el-avion.html,/photo/2015-costa-rica-trip/ae8494f-el-avion/
/gallery/2015-costa-rica-trip/b0381c7-hike-to-cerro-chato.html,/photo/2015-costa-rica-trip/b0381c7-hike-to-cerro-chato/
/gallery/2015-costa-rica-trip/b442c36-hanging-bridges.html,/photo/2015-costa-rica-trip/b442c36-hanging-bridges/
/gallery/2015-costa-rica-trip/b8030bb-hike-to-cerro-chato.html,/photo/2015-costa-rica-trip/b8030bb-hike-to-cerro-chato/
/gallery/2015-costa-rica-trip/b89996d-manuel-antonio-national-park.html,/photo/2015-costa-rica-trip/b89996d-manuel-antonio-national-park/
/gallery/2015-costa-rica-trip/b9cdf82-manuel-antonio-national-park.html,/photo/2015-costa-rica-trip/b9cdf82-manuel-antonio-national-park/
/gallery/2015-costa-rica-trip/ba4a018-boat-tour.html,/photo/2015-costa-rica-trip/ba4a018-boat-tour/
/gallery/2015-costa-rica-trip/bc39503-el-avion.html,/photo/2015-costa-rica-trip/bc39503-el-avion/
/gallery/2015-costa-rica-trip/bccbec3-hike-from-cerro-chato.html,/photo/2015-costa-rica-trip/bccbec3-hike-from-cerro-chato/
/gallery/2015-costa-rica-trip/be359cf-don-juan-coffee-tour.html,/photo/2015-costa-rica-trip/be359cf-don-juan-coffee-tour/
/gallery/2015-costa-rica-trip/c312ad5-cerro-chato.html,/photo/2015-costa-rica-trip/c312ad5-cerro-chato/
/gallery/2015-costa-rica-trip/c732c52-monteverde-chocolate-tour.html,/photo/2015-costa-rica-trip/c732c52-monteverde-chocolate-tour/
/gallery/2015-costa-rica-trip/c7842e3-canopy-zip-line.html,/photo/2015-costa-rica-trip/c7842e3-canopy-zip-line/
/gallery/2015-costa-rica-trip/c8f8633-monteverde-chocolate-tour.html,/photo/2015-costa-rica-trip/c8f8633-monteverde-chocolate-tour/
/gallery/2015-costa-rica-trip/cdb87b9-el-avion.html,/photo/2015-costa-rica-trip/cdb87b9-el-avion/
/gallery/2015-costa-rica-trip/ce6a440-horse-parade.html,/photo/2015-costa-rica-trip/ce6a440-horse-parade/
/gallery/2015-costa-rica-trip/d557dab-manuel-antonio-national-park.html,/photo/2015-costa-rica-trip/d557dab-manuel-antonio-national-park/
/gallery/2015-costa-rica-trip/d7c274a-canopy-zip-line.html,/photo/2015-costa-rica-trip/d7c274a-canopy-zip-line/
/gallery/2015-costa-rica-trip/d86ce6f-don-juan-coffee-tour.html,/photo/2015-costa-rica-trip/d86ce6f-don-juan-coffee-tour/
/gallery/2015-costa-rica-trip/de9981c-canopy-zip-line.html,/photo/2015-costa-rica-trip/de9981c-canopy-zip-line/
/gallery/2015-costa-rica-trip/df11754-canopy-zip-line.html,/photo/2015-costa-rica-trip/df11754-canopy-zip-line/
/gallery/2015-costa-rica-trip/e38b136-giovannis-night-tour.html,/photo/2015-costa-rica-trip/e38b136-giovannis-night-tour/
/gallery/2015-costa-rica-trip/e3b74ac-hike-to-cerro-chato.html,/photo/2015-costa-rica-trip/e3b74ac-hike-to-cerro-chato/
/gallery/2015-costa-rica-trip/e56c61b-manuel-antonio-national-park.html,/photo/2015-costa-rica-trip/e56c61b-manuel-antonio-national-park/
/gallery/2015-costa-rica-trip/e64375f-el-avion.html,/photo/2015-costa-rica-trip/e64375f-el-avion/
/gallery/2015-costa-rica-trip/e6652a0-manuel-antonio-national-park.html,/photo/2015-costa-rica-trip/e6652a0-manuel-antonio-national-park/
/gallery/2015-costa-rica-trip/e66a29c-hanging-bridges.html,/photo/2015-costa-rica-trip/e66a29c-hanging-bridges/
/gallery/2015-costa-rica-trip/e7c7497-boat-tour.html,/photo/2015-costa-rica-trip/e7c7497-boat-tour/
/gallery/2015-costa-rica-trip/e7eb34b-don-juan-coffee-tour.html,/photo/2015-costa-rica-trip/e7eb34b-don-juan-coffee-tour/
/gallery/2015-costa-rica-trip/ec40a9e-don-juan-coffee-tour.html,/photo/2015-costa-rica-trip/ec40a9e-don-juan-coffee-tour/
/gallery/2015-costa-rica-trip/edfd7fa-playa-espadilla.html,/photo/2015-costa-rica-trip/edfd7fa-playa-espadilla/
/gallery/2015-costa-rica-trip/ee30c9f-en-route-to-la-fortuna.html,/photo/2015-costa-rica-trip/ee30c9f-en-route-to-la-fortuna/
/gallery/2015-costa-rica-trip/efa7952-hanging-bridges.html,/photo/2015-costa-rica-trip/efa7952-hanging-bridges/
/gallery/2015-costa-rica-trip/f279423-manuel-antonio-national-park.html,/photo/2015-costa-rica-trip/f279423-manuel-antonio-national-park/
/gallery/2015-costa-rica-trip/f46cf80-manuel-antonio-national-park.html,/photo/2015-costa-rica-trip/f46cf80-manuel-antonio-national-park/
/gallery/2015-costa-rica-trip/f4bad1a-manuel-antonio-national-park.html,/photo/2015-costa-rica-trip/f4bad1a-manuel-antonio-national-park/
/gallery/2015-costa-rica-trip/f6374cd-boat-tour.html,/photo/2015-costa-rica-trip/f6374cd-boat-tour/
/gallery/2015-costa-rica-trip/fb10d9a-thirsty-cow.html,/photo/2015-costa-rica-trip/fb10d9a-thirsty-cow/
/gallery/2015-costa-rica-trip/fc1a12d-bridge.html,/photo/2015-costa-rica-trip/fc1a12d-bridge/
/gallery/2015-costa-rica-trip/fcef47e-giovannis-night-tour.html,/photo/2015-costa-rica-trip/fcef47e-giovannis-night-tour/
/gallery/2015-england-trip/,/photo/2015-england-trip/
/gallery/2015-england-trip/0250f82-dd31f942-e044-401e-b974-ad18588484d3.html,/photo/2015-england-trip/0250f82-dd31f942-e044-401e-b974-ad18588484d3/
/gallery/2015-england-trip/038aadd-6110824f-2c1b-480b-a075-e2e15fe0e98b.html,/photo/2015-england-trip/038aadd-6110824f-2c1b-480b-a075-e2e15fe0e98b/
/gallery/2015-england-trip/04044ac-259b11e8-a284-4ef2-95e5-aae381f93cff.html,/photo/2015-england-trip/04044ac-259b11e8-a284-4ef2-95e5-aae381f93cff/
/gallery/2015-england-trip/0aef531-fe1ac7a8-bcbb-4073-b3c6-0aaebe102eb4.html,/photo/2015-england-trip/0aef531-fe1ac7a8-bcbb-4073-b3c6-0aaebe102eb4/
/gallery/2015-england-trip/0b451bb-6e112ea8-32c7-434a-8b80-8458e5f034aa.html,/photo/2015-england-trip/0b451bb-6e112ea8-32c7-434a-8b80-8458e5f034aa/
/gallery/2015-england-trip/11fb097-f8f4710d-55b5-4d31-8e03-82d52b70c0d8.html,/photo/2015-england-trip/11fb097-f8f4710d-55b5-4d31-8e03-82d52b70c0d8/
/gallery/2015-england-trip/20a13d4-6cad5405-2223-45c7-aa02-f5a7220579a8.html,/photo/2015-england-trip/20a13d4-6cad5405-2223-45c7-aa02-f5a7220579a8/
/gallery/2015-england-trip/26fb32e-8b1ebc5d-128d-44e6-8407-3729726243c2.html,/photo/2015-england-trip/26fb32e-8b1ebc5d-128d-44e6-8407-3729726243c2/
/gallery/2015-england-trip/271af08-c8440bd3-c5d2-40fa-816a-ca2391ecb801.html,/photo/2015-england-trip/271af08-c8440bd3-c5d2-40fa-816a-ca2391ecb801/
/gallery/2015-england-trip/2d3df9a-184c652a-394f-40e1-b325-b3ff0ef009e3.html,/photo/2015-england-trip/2d3df9a-184c652a-394f-40e1-b325-b3ff0ef009e3/
/gallery/2015-england-trip/3089002-55261651-5765-4713-9bcc-445ea2bd0333.html,/photo/2015-england-trip/3089002-55261651-5765-4713-9bcc-445ea2bd0333/
/gallery/2015-england-trip/3f5cb97-ad05b78c-0cf1-449a-a827-48b199cefce9.html,/photo/2015-england-trip/3f5cb97-ad05b78c-0cf1-449a-a827-48b199cefce9/
/gallery/2015-england-trip/41a98dc-7d7137a6-38d4-42c8-9971-97507f697a7b.html,/photo/2015-england-trip/41a98dc-7d7137a6-38d4-42c8-9971-97507f697a7b/
/gallery/2015-england-trip/4d1765a-30c60656-21bb-4293-b77e-2ea9dcf2281e.html,/photo/2015-england-trip/4d1765a-30c60656-21bb-4293-b77e-2ea9dcf2281e/
/gallery/2015-england-trip/5db9ba4-c4433cfe-564f-497a-be0a-ebb0d1905161.html,/photo/2015-england-trip/5db9ba4-c4433cfe-564f-497a-be0a-ebb0d1905161/
/gallery/2015-england-trip/642bebc-52866970-d255-4df1-a459-c1232d53d51b.html,/photo/2015-england-trip/642bebc-52866970-d255-4df1-a459-c1232d53d51b/
/gallery/2015-england-trip/65a4a84-662d346f-778c-41ce-8754-90744c250cb3.html,/photo/2015-england-trip/65a4a84-662d346f-778c-41ce-8754-90744c250cb3/
/gallery/2015-england-trip/6656c15-8c6a8abc-f5e5-4524-afcc-d3f7bba46a46.html,/photo/2015-england-trip/6656c15-8c6a8abc-f5e5-4524-afcc-d3f7bba46a46/
/gallery/2015-england-trip/6d56866-38a48962-13c2-419b-8273-ae7cf45c0002.html,/photo/2015-england-trip/6d56866-38a48962-13c2-419b-8273-ae7cf45c0002/
/gallery/2015-england-trip/73b85ca-1caa4214-8ca5-4168-90a8-b731645d1503.html,/photo/2015-england-trip/73b85ca-1caa4214-8ca5-4168-90a8-b731645d1503/
/gallery/2015-england-trip/7b16292-69579f63-afd0-4663-a9dc-41c268cb5d67.html,/photo/2015-england-trip/7b16292-69579f63-afd0-4663-a9dc-41c268cb5d67/
/gallery/2015-england-trip/7b5c044-6d174d24-b03f-4d4d-8e70-019ab0b1cb16.html,/photo/2015-england-trip/7b5c044-6d174d24-b03f-4d4d-8e70-019ab0b1cb16/
/gallery/2015-england-trip/84d1f65-2f92ff97-e35e-45c1-8ac4-c01b017d0636.html,/photo/2015-england-trip/84d1f65-2f92ff97-e35e-45c1-8ac4-c01b017d0636/
/gallery/2015-england-trip/9606663-9befa48b-c37e-4cf6-b729-41e6d96cd3d6.html,/photo/2015-england-trip/9606663-9befa48b-c37e-4cf6-b729-41e6d96cd3d6/
/gallery/2015-england-trip/9705f6a-61aa0911-1a3e-4beb-9fdc-6a280ad49ced.html,/photo/2015-england-trip/9705f6a-61aa0911-1a3e-4beb-9fdc-6a280ad49ced/
/gallery/2015-england-trip/986340c-41264d58-3c9c-4190-9439-7ecc06e95ace.html,/photo/2015-england-trip/986340c-41264d58-3c9c-4190-9439-7ecc06e95ace/
/gallery/2015-england-trip/9ef2927-bb8d439b-c58d-4cf4-ac0c-805f643a1ae0.html,/photo/2015-england-trip/9ef2927-bb8d439b-c58d-4cf4-ac0c-805f643a1ae0/
/gallery/2015-england-trip/a0b3f51-f4b4ccf6-6dfb-40cb-9550-307bec24ab15.html,/photo/2015-england-trip/a0b3f51-f4b4ccf6-6dfb-40cb-9550-307bec24ab15/
/gallery/2015-england-trip/ad68e16-aa2f4220-816c-4d69-870b-7b24f42a02b1.html,/photo/2015-england-trip/ad68e16-aa2f4220-816c-4d69-870b-7b24f42a02b1/
/gallery/2015-england-trip/af28ed2-838aee87-dd8c-49bd-9780-ed48fc47ac1c.html,/photo/2015-england-trip/af28ed2-838aee87-dd8c-49bd-9780-ed48fc47ac1c/
/gallery/2015-england-trip/bab7628-9010d32f-fe0b-4648-a498-4c68cdd114de.html,/photo/2015-england-trip/bab7628-9010d32f-fe0b-4648-a498-4c68cdd114de/
/gallery/2015-england-trip/bb01fc5-3df722fc-172d-4e42-acb5-a5201452f47f.html,/photo/2015-england-trip/bb01fc5-3df722fc-172d-4e42-acb5-a5201452f47f/
/gallery/2015-england-trip/c562b5a-55767f0e-9154-4e92-99d3-4db88d659d0e.html,/photo/2015-england-trip/c562b5a-55767f0e-9154-4e92-99d3-4db88d659d0e/
/gallery/2015-england-trip/c57966f-012c767e-22bb-472d-ba1b-6c0ee8717996.html,/photo/2015-england-trip/c57966f-012c767e-22bb-472d-ba1b-6c0ee8717996/
/gallery/2015-england-trip/c70b2ac-aa11611a-e379-4053-8457-88a2e4bc36b3.html,/photo/2015-england-trip/c70b2ac-aa11611a-e379-4053-8457-88a2e4bc36b3/
/gallery/2015-england-trip/d702f2b-e9b69c74-3c6f-41d3-8f76-5d2aac504cae.html,/photo/2015-england-trip/d702f2b-e9b69c74-3c6f-41d3-8f76-5d2aac504cae/
/gallery/2015-england-trip/dccb855-c3057568-a43e-44b1-b4c5-f129d5353d85.html,/photo/2015-england-trip/dccb855-c3057568-a43e-44b1-b4c5-f129d5353d85/
/gallery/2015-england-trip/e564413-086f814c-6d73-4b9b-aa4b-d1fd567d9bd7.html,/photo/2015-england-trip/e564413-086f814c-6d73-4b9b-aa4b-d1fd567d9bd7/
/gallery/2015-england-trip/e5ff6c8-7192f410-cbf0-40d6-8a83-0257b256dfdd.html,/photo/2015-england-trip/e5ff6c8-7192f410-cbf0-40d6-8a83-0257b256dfdd/
/gallery/2015-england-trip/ee3f59d-475fbb88-fe94-40ea-a82a-9d964340dc9d.html,/photo/2015-england-trip/ee3f59d-475fbb88-fe94-40ea-a82a-9d964340dc9d/
/gallery/2015-england-trip/fac9303-a5ee73bd-dff0-4ba1-9e73-a9acf32de02a.html,/photo/2015-england-trip/fac9303-a5ee73bd-dff0-4ba1-9e73-a9acf32de02a/
