/career/cityindex-labs,/about/occupation/cityindex-labs
/career/theloopyewe,/about/occupation/theloopyewe
/career/pivotal,/about/occupation/pivotal
/career/sentryds,/about/occupation/sentryds
/career/vmware,/about/occupation/vmware
/taxonomy/collection/media-galleries,/browse/collections/travels
/taxonomy/collection/parks,/browse/places
/taxonomy/collection/trails,/browse/collections/trails
/taxonomy/keywords/ant,/browse/tags/ant
/taxonomy/keywords/api,/browse/tags/api
/taxonomy/keywords/applescript,/browse/tags/applescript
/taxonomy/keywords/architecture,/browse/tags/architecture
/taxonomy/keywords/aspen,/browse/tags/aspen
/taxonomy/keywords/asset,/browse/tags/asset
/taxonomy/keywords/automation,/browse/tags/automation
/taxonomy/keywords/autumn,/browse/tags/autumn
/taxonomy/keywords/aws,/browse/tags/aws
/taxonomy/keywords/aws-ec2,/browse/tags/aws-ec2
/taxonomy/keywords/aws-s3,/browse/tags/aws-s3
/taxonomy/keywords/aws-sqs,/browse/tags/aws-sqs
/taxonomy/keywords/backup,/browse/tags/backup
/taxonomy/keywords/bank card,/browse/tags/bank card
/taxonomy/keywords/barcode,/browse/tags/barcode
/taxonomy/keywords/batch,/browse/tags/batch
/taxonomy/keywords/blobs,/browse/tags/blobs
/taxonomy/keywords/blog,/browse/tags/blog
/taxonomy/keywords/bosh,/browse/tags/bosh
/taxonomy/keywords/bosh-release,/browse/tags/bosh-release
/taxonomy/keywords/box,/browse/tags/box
/taxonomy/keywords/bridged-networking,/browse/tags/bridged-networking
/taxonomy/keywords/browser,/browse/tags/browser
/taxonomy/keywords/caching,/browse/tags/caching
/taxonomy/keywords/checksum,/browse/tags/checksum
/taxonomy/keywords/ci,/browse/tags/ci
/taxonomy/keywords/cleanup,/browse/tags/cleanup
/taxonomy/keywords/cloque,/browse/tags/cloque
/taxonomy/keywords/cloudformation,/browse/tags/cloudformation
/taxonomy/keywords/cloudfoundry,/browse/tags/cloudfoundry
/taxonomy/keywords/code,/browse/tags/code
/taxonomy/keywords/color,/browse/tags/color
/taxonomy/keywords/colorado,/browse/tags/colorado
/taxonomy/keywords/concourse,/browse/tags/concourse
/taxonomy/keywords/concourse-resource,/browse/tags/concourse-resource
/taxonomy/keywords/consul,/browse/tags/consul
/taxonomy/keywords/data,/browse/tags/data
/taxonomy/keywords/debugger,/browse/tags/debugger
/taxonomy/keywords/dependencies,/browse/tags/dependencies
/taxonomy/keywords/deploy,/browse/tags/deploy
/taxonomy/keywords/deployment,/browse/tags/deployment
/taxonomy/keywords/diff,/browse/tags/diff
/taxonomy/keywords/docker,/browse/tags/docker
/taxonomy/keywords/dymo,/browse/tags/dymo
/taxonomy/keywords/dynamic,/browse/tags/dynamic
/taxonomy/keywords/dynamic-metalink,/browse/tags/dynamic-metalink
/taxonomy/keywords/ec2,/browse/tags/ec2
/taxonomy/keywords/ecommerce,/browse/tags/ecommerce
/taxonomy/keywords/elasticsearch,/browse/tags/elasticsearch
/taxonomy/keywords/endicia,/browse/tags/endicia
/taxonomy/keywords/etl,/browse/tags/etl
/taxonomy/keywords/facter,/browse/tags/facter
/taxonomy/keywords/forms,/browse/tags/forms
/taxonomy/keywords/frontend,/browse/tags/frontend
/taxonomy/keywords/gallery,/browse/tags/gallery
/taxonomy/keywords/gearman,/browse/tags/gearman
/taxonomy/keywords/gearmand,/browse/tags/gearmand
/taxonomy/keywords/git,/browse/tags/git
/taxonomy/keywords/golang,/browse/tags/golang
/taxonomy/keywords/gorm,/browse/tags/gorm
/taxonomy/keywords/gpg,/browse/tags/gpg
/taxonomy/keywords/hazel,/browse/tags/hazel
/taxonomy/keywords/headers,/browse/tags/headers
/taxonomy/keywords/hierarchy,/browse/tags/hierarchy
/taxonomy/keywords/hsv,/browse/tags/hsv
/taxonomy/keywords/http,/browse/tags/http
/taxonomy/keywords/hugo,/browse/tags/hugo
/taxonomy/keywords/iiif,/browse/tags/iiif
/taxonomy/keywords/iiif-image-api,/browse/tags/iiif-image-api
/taxonomy/keywords/iphoto,/browse/tags/iphoto
/taxonomy/keywords/javascript,/browse/tags/javascript
/taxonomy/keywords/jekyll,/browse/tags/jekyll
/taxonomy/keywords/jekyllrb,/browse/tags/jekyllrb
/taxonomy/keywords/jq,/browse/tags/jq
/taxonomy/keywords/jsonl,/browse/tags/jsonl
/taxonomy/keywords/jsonlines,/browse/tags/jsonlines
/taxonomy/keywords/kibana,/browse/tags/kibana
/taxonomy/keywords/kubernetes,/browse/tags/kubernetes
/taxonomy/keywords/label,/browse/tags/label
/taxonomy/keywords/language,/browse/tags/language
/taxonomy/keywords/launchd,/browse/tags/launchd
/taxonomy/keywords/logsearch,/browse/tags/logsearch
/taxonomy/keywords/logstash,/browse/tags/logstash
/taxonomy/keywords/loopy,/browse/tags/loopy
/taxonomy/keywords/macos,/browse/tags/macos
/taxonomy/keywords/manifest,/browse/tags/manifest
/taxonomy/keywords/meta4,/browse/tags/meta4
/taxonomy/keywords/metalink,/browse/tags/metalink
/taxonomy/keywords/metalink-repository,/browse/tags/metalink-repository
/taxonomy/keywords/metrics,/browse/tags/metrics
/taxonomy/keywords/microdata,/browse/tags/microdata
/taxonomy/keywords/migration,/browse/tags/migration
/taxonomy/keywords/minikube,/browse/tags/minikube
/taxonomy/keywords/nested,/browse/tags/nested
/taxonomy/keywords/networking,/browse/tags/networking
/taxonomy/keywords/nginx,/browse/tags/nginx
/taxonomy/keywords/node,/browse/tags/node
/taxonomy/keywords/nodejs,/browse/tags/nodejs
/taxonomy/keywords/opengrok,/browse/tags/opengrok
/taxonomy/keywords/opensource,/browse/tags/opensource
/taxonomy/keywords/openvpn,/browse/tags/openvpn
/taxonomy/keywords/osx,/browse/tags/osx
/taxonomy/keywords/pachyderm,/browse/tags/pachyderm
/taxonomy/keywords/package,/browse/tags/package
/taxonomy/keywords/package manager,/browse/tags/package manager
/taxonomy/keywords/packages,/browse/tags/packages
/taxonomy/keywords/packaging,/browse/tags/packaging
/taxonomy/keywords/pcntl,/browse/tags/pcntl
/taxonomy/keywords/phar,/browse/tags/phar
/taxonomy/keywords/photo,/browse/tags/photo
/taxonomy/keywords/photo-gallery,/browse/tags/photo-gallery
/taxonomy/keywords/php,/browse/tags/php
/taxonomy/keywords/pipeline,/browse/tags/pipeline
/taxonomy/keywords/product,/browse/tags/product
/taxonomy/keywords/pruning,/browse/tags/pruning
/taxonomy/keywords/qr,/browse/tags/qr
/taxonomy/keywords/queue,/browse/tags/queue
/taxonomy/keywords/ravelry,/browse/tags/ravelry
/taxonomy/keywords/reader,/browse/tags/reader
/taxonomy/keywords/redesign,/browse/tags/redesign
/taxonomy/keywords/reflect,/browse/tags/reflect
/taxonomy/keywords/regex,/browse/tags/regex
/taxonomy/keywords/retail,/browse/tags/retail
/taxonomy/keywords/reverse-proxy,/browse/tags/reverse-proxy
/taxonomy/keywords/ruby,/browse/tags/ruby
/taxonomy/keywords/s3,/browse/tags/s3
/taxonomy/keywords/scan,/browse/tags/scan
/taxonomy/keywords/schema,/browse/tags/schema
/taxonomy/keywords/schema.org,/browse/tags/schema.org
/taxonomy/keywords/scs-utils,/browse/tags/scs-utils
/taxonomy/keywords/search,/browse/tags/search
/taxonomy/keywords/security,/browse/tags/security
/taxonomy/keywords/service-discovery,/browse/tags/service-discovery
/taxonomy/keywords/signatures,/browse/tags/signatures
/taxonomy/keywords/sitemap,/browse/tags/sitemap
/taxonomy/keywords/slow logstash,/browse/tags/slow logstash
/taxonomy/keywords/snapshots,/browse/tags/snapshots
/taxonomy/keywords/storage,/browse/tags/storage
/taxonomy/keywords/struct,/browse/tags/struct
/taxonomy/keywords/structured data,/browse/tags/structured data
/taxonomy/keywords/symfony,/browse/tags/symfony
/taxonomy/keywords/symfony2,/browse/tags/symfony2
/taxonomy/keywords/taxonomy,/browse/tags/taxonomy
/taxonomy/keywords/theloopyewe,/browse/tags/theloopyewe
/taxonomy/keywords/tsv,/browse/tags/tsv
/taxonomy/keywords/twig,/browse/tags/twig
/taxonomy/keywords/updates,/browse/tags/updates
/taxonomy/keywords/upgrades,/browse/tags/upgrades
/taxonomy/keywords/upstream,/browse/tags/upstream
/taxonomy/keywords/user interface,/browse/tags/user interface
/taxonomy/keywords/usps,/browse/tags/usps
/taxonomy/keywords/versions,/browse/tags/versions
/taxonomy/keywords/virtualbox,/browse/tags/virtualbox
/taxonomy/keywords/webkit,/browse/tags/webkit
/taxonomy/keywords/weighted,/browse/tags/weighted
/taxonomy/keywords/wkhtmltopdf,/browse/tags/wkhtmltopdf
/taxonomy/keywords/xdebug,/browse/tags/xdebug
/taxonomy/keywords/xpath,/browse/tags/xpath
/taxonomy/keywords/xslt,/browse/tags/xslt
/taxonomy/type/blog-posting,/browse/types/post
